title,description,link,pubDate
"[지지대] “선거 문자, 그만 보내면 안 되나요?”","선거 문자, 왜 국민에게 <b>스팸</b> 취급을 받기 시작했을까. <b>선거철</b> 후보자들이 자신의 공약과 이력을 담아 보내는 문자는 분명 필요한 것이다. 국민으로 하여금 정치에 관심을 갖게 하는 순기능이 있다. 현직에 있는 이들이 어떤... ",https://n.news.naver.com/mnews/article/666/0000103654?sid=110,"Fri, 17 Apr 2026 03:02:00 +0900"
[최재혁의 데스크席] <b>선거철</b> '전화 문자 폭탄' 피로감 호소,<b>선거철</b>만 되면 여론조사 전화에다 여러 후보들이 보내는 문자메시지 홍수에 시달리는 시민들이 피로감을... 정말 짜증 난다&quot;며 내용을 보지도 않고 바로 <b>스팸</b>문자로 등록해버렸다. 선거운동 문자가 공해가 된 것은... ,https://www.jeonmae.co.kr/news/articleView.html?idxno=1246754,"Thu, 09 Apr 2026 12:00:00 +0900"
<b>선거철</b> 홍보 공세 점입가경… '문자·단톡방 초대' 피로감 급증,"무작위로 보내는건지 번호가 유출된건지 불안하다&quot;며 &quot;개인정보 유출이 최근 잦아서 더 불안하고, <b>스팸</b>으로... 군포에 사는 심 모씨(27)는 &quot;<b>선거철</b>이라 그런지 후보자들의 단톡방 초대를 받는데 이럴 때마다 직접 단톡방을... ",https://www.joongboo.com/news/articleView.html?idxno=363722030,"Mon, 06 Apr 2026 17:32:00 +0900"
스마트폰 ‘통화 스크리닝’ 기능 유용할까,"연락이 올 가능성이 높고, 긴급 상황을 놓칠 수 있다는 불안 요소도 있다. 그럼에도 각종 <b>스팸</b>과 광고 전화가 기승을 부리는 <b>선거철</b> 등 특정 시기에는 불필요한 감정 소모를 줄여줄 확실한 대안이 될 것으로 보인다. IT동아",https://it.donga.com/108677/,"Fri, 03 Apr 2026 16:40:00 +0900"
[기고] ‘가짜 숫자’ 넘치는 선거판 ‘여론조사 문해력’ 키우자,"‘여론조사로 의심되는 <b>스팸</b> 전화입니다.’ <b>스팸</b>이라는 데 뭘 망설이나. 거절. 나도, 옆에 앉은 지인도, 모두... <b>선거철</b>마다 여의도에 판을 까는 떴다방 업자들은 결과를 맞히겠다는 장담도 모자라 이기게 해준다고 광을... ",https://n.news.naver.com/mnews/article/023/0003968533?sid=110,"Thu, 02 Apr 2026 23:35:00 +0900"
<b>선거철</b> SNS 폭탄...후보에게 도움될까?,///◀ SYNC ▶단체 대화방 초대받은 유권자&quot;<b>선거철</b>이라서 그런지 문자메시지 너무 많이 오고요. 그걸 일일이 다 차단하고 <b>스팸</b> 신고를 하는 것도 일이더라고요. (제) 번호랑 이름이랑 다 자기들이 갖고 있단 얘기잖아요.... ,https://mbcgn.kr/01_new/new01_view.asp?idx=407064,"Wed, 01 Apr 2026 21:08:00 +0900"
욕먹어도 또 보낸다…선거 문자 끊이지 않는 이유,<b>선거철</b>이면 으레 쏟아지는 '묻지마 문자 폭탄'이 6·3지방선거를 맞아 다시 시민들의 분노 게이지를 높이고... 이와 함께 &quot;번호나 문구 등 통해 <b>스팸</b> 차단이 가능함에도 그렇게 하지 않는 것도 비슷한 이유&quot;라고 했다.현재... ,https://www.yeongnam.com/web/view.php?key=20260401028285032,"Wed, 01 Apr 2026 17:44:00 +0900"
“번호 어디서 났어요?”… 선거 <b>스팸</b> 문자 뿌린 후보자 ‘시정명령’ ...,"실제로 <b>선거철</b>마다 기승을 부리는 '<b>스팸</b>성 문자'에 대한 유권자의 대응 요령도 구체화됐다. 유권자는 선거사무소가 정보 수집 출처를 명확히 밝히지 않거나 정보 삭제 요청을 거부할 경우, 한국인터넷진흥원(KISA)... ",https://www.daily365.news/2026/03/26/%eb%b2%88%ed%98%b8-%ec%96%b4%eb%94%94%ec%84%9c-%eb%82%ac%ec%96%b4%ec%9a%94-%ec%84%a0%ea%b1%b0-%ec%8a%a4%ed%8c%b8-%eb%ac%b8%ec%9e%90-%eb%bf%8c%eb%a6%b0-%ed%9b%84%eb%b3%b4/,"Thu, 26 Mar 2026 11:30:00 +0900"
[길섶에서] 선거 홍보 문자,<b>선거철</b>마다 반복되는 일이지만 익숙해지지 않는다. 한동안은 문자 내용을 꼼꼼히 확인했으나 이제는 서둘러... 070으로 시작하는 <b>스팸</b> 의심 전화는 받지 않을 자유라도 있다. 그러나 선거 문자는 다르다. 공직선거법상... ,https://n.news.naver.com/mnews/article/081/0003628665?sid=110,"Tue, 24 Mar 2026 05:12:00 +0900"
"허구일색, AI 슬롭","<b>스팸</b>은 광고 형태를 띄나, 슬롭은 유익한 정보나 뉴스 등으로 위장하는  교묘함 논란에 그 피해 역시... 흔히, <b>선거철</b>에 후보자의 가공된 행위 영상이 그러하다. 전력 자원 낭비를 낳는 저품질 보고서나 문서를... ",http://www.samdailbo.com/news/articleView.html?idxno=261297,"Thu, 19 Mar 2026 16:00:00 +0900"
선거 임박 지지-기부 요청 문자-이메일 급증,&quot;단돈 5달러만 기부하세요.&quot; <b>선거철</b>이 다가오면서 정치 관련 문자 메시지와 이메일이 급증하고 있다.... 이메일은 <b>스팸</b>으로 표시하고 원치 않는 문자 메시지는 7726(SPAM의 약자)으로 전달해 통신사로 하여금 제3자 브로커를... ,https://www.koreadaily.com/article/20260305134556663,"Fri, 06 Mar 2026 06:46:00 +0900"
"“돈 써도 안 들린다”⋯1초에 1원 ‘선거 ARS’, 차단 앱에 막혀 메아리",사용자들이 실시간으로 <b>스팸</b> 번호를 등록해 정보를 공유하는 ‘더콜’ 등도 <b>선거철</b> 신규 번호 식별에 주로 사용되는 서비스다. 젊은 층에서는 이런 앱을 활용해 처음부터 전화를 차단하는 경우가 많다. 이 때문에 후보자... ,https://www.kbmaeil.com/article/20260305500558,"Thu, 05 Mar 2026 17:10:00 +0900"
"아흔아홉째 이야기, 일요일이 다 가는 소리(3)",그래서 부모로서 <b>선거철</b>만 되면 괜히 마음을 졸이게 된다. 제대로 도와주지 못하는 현실 때문에 더욱 그러한... 이런 <b>스팸</b>이 종종 들어오기 때문에 그냥 무심히 지나쳤었다. 지금 생각해 보니 이상했다. 쿠팡 상품 5천 원... ,http://www.tongilnews.com/news/articleView.html?idxno=215750,"Sat, 07 Feb 2026 12:14:00 +0900"
'버스 광고 100만원' 지방선거 쩐의 전쟁…&quot;금권문화 개선을&quot;,"<b>선거철</b> 누구나 한 번쯤 받는 '선거 <b>스팸</b>'. 문자메시지 대량 발송은 수신인 10만명에 1회 발송을 기준으로 단문은 총 400만원 안팎, 장문은 1200만원대다. &quot;금권 위험&quot; &quot;정책 실종, 선거문화 개선을&quot; 우려 선거 광고 홍수 속에서... ",https://n.news.naver.com/mnews/article/003/0013741777?sid=102,"Sun, 01 Feb 2026 11:00:00 +0900"
“복 받으세요”… 공해 같은 <b>선거철</b> ‘<b>스팸</b> 인사’,20명 이하에 직접 발송은 ‘무제한’ 주차 차량·주소록 등 번호도 수집 “정치 신인 이름 알리는 데 효과” “개인정보 유출된 것 같아 불쾌” “○○시장 출마 예정자 ○○○입니다. 새해 복 많이 받으세요.” 대구... ,https://n.news.naver.com/mnews/article/081/0003608598?sid=102,"Wed, 14 Jan 2026 05:04:00 +0900"
&quot;하루에도 몇 통씩&quot;…선거전화 폭탄에 시민 피로감 한계,<b>선거철</b>마다 반복되는 이른바 '전화 폭탄'에 시민들의 피로감은 이미 한계에 이르렀다는 지적이 나온다.... 휴대전화 <b>스팸</b> 차단이나 가상번호 차단을 피하고자 지역 번호나 업체 번호를 활용하면서 시민들은 업무 전화나... ,https://www.ccdailynews.com/news/articleView.html?idxno=2391469,"Tue, 13 Jan 2026 18:28:00 +0900"
취업 우선·무관심·불신…외면받는 총학생회 선거,"광주 지역 대학 총학생회 <b>선거철</b>이 됐지만, 학생들의 외면으로 투표율이 저조한 상황이 올해도 반복됐다.... 앞서 전남대 학생처는 1차 투표 당일 1시간 간격으로 전교생에게 투표 독려 문자를 ‘<b>스팸</b> 문자’ 수준으로... ",http://www.kwangju.co.kr/article.php?aid=1765103700792969006,"Sun, 07 Dec 2025 19:38:00 +0900"
[메아리]내 번호는 누가 줬나: 선거문자 공영제 도입하자,"실제로 <b>선거철</b>마다 “내 번호를 어떻게 알았느냐”는 민원이 폭증하고, 불법 수집이 입증되면... <b>스팸</b>과 선거정보가 구분된다. 비용 문제 해결에도 효과적이다. 지금도 후보별로 쪼개서 더 비싸게 보낸다. 선관위... ",http://sjbnews.com/news/news.php?number=862283,"Sun, 19 Oct 2025 18:21:00 +0900"
<b>선거철</b>마다 반복되는 피싱·악성코드 범죄,과학기술정보통신부도 불법 <b>스팸</b> 근절을 위해 문자 사업자 진입 문턱을 높이고 위반 사업자에 대한 시장 퇴출을 유연화하는 등 대응에 나설 방침입니다. 특히 SK텔레콤(017670) 유심 정보 유출 사고 이후 개인정보 악용... ,http://www.newstomato.com/ReadNews.aspx?no=1263722&inflow=N,"Fri, 30 May 2025 16:10:00 +0900"
"<b>선거철</b> 노린 리딩방·대출 문자, 정부가 직접 막는다",이복현 금융감독원장은 &quot;금융사기 <b>스팸</b>은 <b>선거철</b> 이슈까지 악용하며 국민 생활을 직접적으로 위협하고 있다&quot;며 &quot;정부 기관 간 협력을 통해 더욱 신속하고 정밀한 대응 체계를 마련할 것&quot;이라고 밝혔다. 이동연 KISA... ,https://www.epnc.co.kr/news/articleView.html?idxno=317063,"Mon, 26 May 2025 16:00:00 +0900"
"[인터뷰] &quot;20초면 뚝딱…선거판 딥페이크, 삭제 요청만 4천 건&quot;",◇ 김현정&gt; 딥페이크 영상물은 선거 때가 아닌 평소에도 문제입니다만 <b>선거철</b>에는 더 성행하고 또... 그래서 결국은 우리가 <b>스팸</b>을 한번 생각을 해보면 <b>스팸</b> 처음 나올 때 막 굉장히 피해를 많이 입히고 사람들이 굉장히... ,https://n.news.naver.com/mnews/article/079/0004027120?sid=102,"Thu, 22 May 2025 09:37:00 +0900"
전국 교사·장학사에게 ‘국힘 교육특보 임명’ 문자···개인정보 어떻...,"<b>스팸</b>메시지로 의심할 수 있는 형태인데, 실제 링크를 누르면 교육특보 임명장이 뜬다. 한 교사가 받은... 대통령이나 국회의원 <b>선거철</b> ‘특보 임명장’ 발송은 통상적으로 있었던 일이지만, 이번에는 교원을 특정해... ",https://n.news.naver.com/mnews/article/032/0003370958?sid=102,"Wed, 21 May 2025 15:16:00 +0900"
"[시시비비]<b>스팸</b>, 더 센 놈이 온다",메시지가 오는대로 <b>스팸</b>신고와 삭제를 반복하고 있지만 매번 다른 번호로 보내는 '꾼'들의 작전에 속수무책이다. <b>선거철</b>을 맞아 반복되는 ARS 여론조사 전화는 금융상품 가입을 권유하는 상담원 전화 못지않게 일상을... ,https://n.news.naver.com/mnews/article/277/0005595165?sid=110,"Tue, 20 May 2025 08:59:00 +0900"
<b>선거철</b>마다 무차별 ARS 전화에 시민들 &quot;짜증&quot;,무작위로 걸려오는 자동응답시스템(ARS) 전화와 선거(유세) 홍보 메시지는 이제 <b>선거철</b>마다 어김없이... 특히 고령층이나 디지털 기기 사용이 익숙하지 않은 이들은 <b>스팸</b>과 중요한 정보를 구별하지 못해 혼란을 겪는 경우도... ,http://www.namdonews.com/news/articleView.html?idxno=820232,"Sun, 18 May 2025 18:46:00 +0900"
'대선과 물가의 기묘한 관계'···식품 값은 왜 <b>선거철</b> 마다 오를까,"이 외에도 CJ제일제당은 비비고 만두 및 <b>스팸</b> 제품, 동원F&amp;B는 냉동만두 15종, SPC그룹 산하 파리바게뜨·던킨·삼립 등도 주요 제품 가격을 조정했다. 뚜레쥬르, 롯데웰푸드, 오뚜기, 남양유업, 매일유업, 오비맥주 등도... ",https://www.smartfn.co.kr/news/articleView.html?idxno=109519,"Tue, 13 May 2025 11:20:00 +0900"
[발언대] <b>선거철</b> '<b>스팸</b> 전화·문자' 시민들 불편 가중,관계기관 간에 떠넘기기 업무처리로 <b>선거철</b>을 맞은 시민들의 불편을 외면하고 있다는 지적이다. 지나친 <b>스팸</b> 문자나 전화는 오히려 유권자의 마음을 돌릴 수 있다는 것을 명심했으면 한다. 이재복(광양경찰서 경무과),http://www.mdilbo.com/detail/NBZ4Lp/713514,"Mon, 09 Dec 2024 16:36:00 +0900"
"끝없는 '여론조사' 전화… 통신3사, 가상번호 넘기고 43억 벌었다",<b>선거철</b>이 되면 하루 수십통 걸려오는 여론조사 전화를 위해 통신3사가 최근 1년간 여론조사 업체 측에... 이에 대해 통신사들은 &quot;고지 의무를 충실히 이행한다&quot;며 &quot;통신사 제공 가상번호는 050으로 시작하는데 <b>스팸</b>전화... ,https://n.news.naver.com/mnews/article/025/0003391308?sid=102,"Sat, 05 Oct 2024 10:39:00 +0900"
"[4·10총선] 사전투표 이틀째…주말도 쏟아지는 선거 홍보 전화·문자, ...",30대 직장인 이모씨는 &quot;영업직이라 오는 전화는 다 받아야 하는데 후보자 전화번호를 <b>스팸</b> 처리하면 다른... 크다&quot;며 &quot;<b>선거철</b> 쏟아지는 유세 홍보 메시지 등에 대해 중장기적 대책이 필요하다&quot;고 지적했다. 이어 &quot;(후보자... ,https://www.incheonilbo.com/news/articleView.html?idxno=1243554,"Sat, 06 Apr 2024 18:08:00 +0900"
"&quot;<b>선거철</b> 여론조사, 오히려 정치 불신 불러와&quot;","&quot;<b>선거철</b> 여론조사, 오히려 정치 불신 불러와&quot; <b>선거철</b> 여론조사가 오히려 정치를 더 불신하게 만드는 요소로... 그 결과 전반적으로 응답자들은 여론조사 참여 전화에 대한 피로도가 높고 이를 <b>스팸</b>으로 인식하는 것으로... ",https://www.viva100.com/main/view.php?key=20240406010002108,"Sat, 06 Apr 2024 14:02:00 +0900"
&quot;<b>선거철</b> 여론조사 수치로 도배된 정치가 민주주의 왜곡&quot;,언론과학연구 논문…유권자들 &quot;정책·질적 조사 증진해야&quot; <b>선거철</b>이면 매일 같이 울리는 여론조사 전화가... 전반적으로 응답자들은 여론조사 참여 전화에 대해 높은 피로감을 토로하며 여론조사를 <b>스팸</b>으로 인식한다고... ,https://n.news.naver.com/mnews/article/001/0014614930?sid=165,"Sat, 06 Apr 2024 07:00:00 +0900"
등골 휘어도 못 멈춰! 억 소리 나는 총선 ‘문자 전쟁’ 속사정,<b>선거철</b>이 되면 정치인들은 표심을 얻기 위한 홍보전에 총력을 기울인다. 그중에서도 핵심 전략으로 꼽히는... 많은 시민들은 정치인들의 문자를 ‘<b>스팸</b>’으로 생각하고 있다. 정치인들 입장은 다르다. 유세 문자 발송은... ,https://ilyo.co.kr/?ac=article_view&entry_id=470007,"Wed, 03 Apr 2024 16:52:00 +0900"
"<b>선거철</b> 편승 무등록 문자서비스 성행…정부, 일제점검 착수","김정삼 중앙전파관리소 소장은 &quot;보이스피싱 범죄가 불법 <b>스팸</b>, 스미싱 등 불법 미끼성 문자를 이용하여 시작되는 경우가 많은 만큼 이번 일제 점검을 통해 안전하고 건전한 통신서비스 문화를 조성하고... ",https://n.news.naver.com/mnews/article/003/0012421293?sid=105,"Tue, 12 Mar 2024 12:00:00 +0900"
문자 폭탄은 가라…‘보이는 휴대폰 선거운동’ 관심,<b>선거철</b>만 되면 무차별적으로 쏟아지는 문자와 전화로 고통받기 일쑤다. 내 휴대폰 번호를 어떻게 알았는지 지지 정당이나 후보를 떠나 지역구를 가리지 않고 오는 문자와 전화는 <b>스팸</b> 수준이다. 그런데 이런 불편함을... ,https://n.news.naver.com/mnews/article/018/0005689490?sid=105,"Mon, 11 Mar 2024 11:56:00 +0900"
"오늘은 세계 여성의 날, 한국 유리천장 지수 12년째 골찌","햇반과 비비고 만두, <b>스팸</b> 등을 판매한다는 계획이다. - 알리익스프레스가 개인 정보 관리가 소홀하다는... - &quot;정책이라는 <b>선거철</b> 상품은 선명하게 비교되는 게 많을수록 좋다. 재원이 분명하고 장단점과 특징이 뚜렷할... ",https://n.news.naver.com/mnews/article/047/0002424895?sid=100,"Fri, 08 Mar 2024 10:43:00 +0900"
"‘유리 천장’ 지수, 한국이 12년째 꼴찌인 이유: 슬로우레터 3월8일.","햇반과 비비고 만두, <b>스팸</b> 등을 판매한다는 계획이다. 알리익스프레스가 개인 정보 관리가 소홀하다는... “정책이라는 <b>선거철</b> 상품은 선명하게 비교되는 게 많을수록 좋다. 재원이 분명하고 장단점과 특징이 뚜렷할 때... ",https://slownews.kr/105113,"Fri, 08 Mar 2024 07:06:00 +0900"
선거 문자 폭탄에 무작정 118에 신고했더니,<b>스팸</b> 차단 서비스는 대부분 무료다. 간단한 인증 후에 <b>스팸</b>을 차단할 문구를 넣으면 된다. 휴대전화 통신사별... 전문가들은 <b>선거철</b> 무단 휴대전화 번호 수집이 불법이라고 말한다. 김명주 서울여대 정보보호학과 교수는... ,https://www.ekoreanews.co.kr/news/articleView.html?idxno=72137,"Wed, 06 Mar 2024 17:22:00 +0900"
<b>선거철</b> ‘<b>스팸</b> 전화·문자’ 시민들 불편 가중 / 이재복,업무처리로 <b>선거철</b>을 맞은 시민들의 불편을 외면하고 있다는 지적이다. 선거 홍보도 중요하지만 시민들의 불편을 초래하는 지나친 <b>스팸</b> 문자나 전화는 오히려 유권자의 마음을 돌릴 수 있다는 것을 명심했으면 한다.... ,http://www.kjdaily.com/article.php?aid=1709030906623374019,"Tue, 27 Feb 2024 20:04:00 +0900"
'<b>선거철</b> 불청객' 여론조사 전화…완전 차단 가능할까 [김준혁의 그것IT...,"<b>선거철</b>이 다가오면서 유권자들의 휴대전화도 같이 뜨거워지고 있습니다. 4월 예정된 총선 관련 여론조사 및... KT는 이외에도 <b>스팸</b> 번호 차단 부가서비스 '후후'도 운영하고 있습니다. LG유플러스의 경우, '080-855-0016'에... ",https://n.news.naver.com/mnews/article/014/0005146374?sid=105,"Fri, 23 Feb 2024 07:57:00 +0900"
“○○○님이시죠?” 선거후보자가 내 이름을 안다?,■전화·문자에 <b>스팸</b> 등록해도 효과 없어…ARS 전화로 콜백하면 '통화중' 설 연휴를 전후해 취재진에게 걸려온... 많아 <b>선거철</b> 예비후보자들이 관심을 갖곤 합니다. 하지만 C 예비후보와 일면식도 없었던 이 씨는 연락처... ,https://n.news.naver.com/mnews/article/056/0011662189?sid=100,"Thu, 15 Feb 2024 08:01:00 +0900"
"'선거<b>스팸</b> 폭증', 전화번호 불법 수집 의심에도 ‘무대책‘ 기관들",<b>선거철</b>에 걸려오는 전화는 여론조사와 예비후보자 개인 선거운동으로 나뉜다. 여기에 입지자들의 문자메시지까지 포함하면 개인별로 편차가 있지만 하루 10건 이상의 '선거 <b>스팸</b>'에 시달리고 있는 실정이다. 여론조사의... ,https://www.jjan.kr/article/20240213580209,"Tue, 13 Feb 2024 17:38:00 +0900"
설 연휴에도 ‘띠링띠링’…<b>선거철</b> ‘문자·전화 폭탄’ 피하는 방법은...,"처음에는 전화를 받아 상대가 누구인지 확인했지만, 여론조사 전화라는 걸 알고 나서부터는 <b>스팸</b>·광고... 실로 급증하는 여론조사와 선거유세에 이를 <b>스팸</b> 번호로 오인하면서 응답률도 급락하고 있는데요. 민심이 왜곡할... ",https://www.etoday.co.kr/news/view/2329881,"Sat, 10 Feb 2024 05:02:00 +0900"
"[단독] “예쁜 후기 작성 도와주실 분, 한달 995만” 교활한 신종 <b>스팸</b> ...","<b>선거철</b> 더 극성인 <b>스팸</b>, AI가 걸러낸다 ‘신용카드 발급 완료. 본인 아닐 시 즉시 신고. 문의 1666-××××’ 휴대전화 이용자라면 한 번쯤은 받았을 문자메시지다. 기업이나 사업주가 안내·홍보 등의 목적으로 다수의... ",https://n.news.naver.com/mnews/article/023/0003815153?sid=101,"Tue, 06 Feb 2024 03:02:00 +0900"
&quot;서울 사는데 경북 후보가 계속 뽑아달래요&quot;…또 찾아온 <b>선거철</b> '불청객...,유권자가 직접 자신의 번호를 어떻게 수집하게 됐는지 확인해 수신 거부 의사를 표시하거나 <b>스팸</b>번호로 등록하는 것이다. 신율 명지대 정치외교학과 교수는 &quot;불특정 다수에 대한 선거 홍보 연락이 '공해'라는 비판은... ,https://n.news.naver.com/mnews/article/421/0007332460?sid=165,"Sat, 03 Feb 2024 07:00:00 +0900"
[기자24시] 정치혐오 부추기는 선거문자,<b>선거철</b>이 되면서 선거운동 문자폭탄에 부아가 치민다는 주변 사람들 얘기를 매일같이 듣는다. 지난주에도... 정말 짜증 난다&quot;며 내용을 보지도 않고 바로 <b>스팸</b>문자로 등록해버렸다. 어쩌다 한국 정치가 <b>스팸</b>문자와 동급으로... ,https://n.news.naver.com/mnews/article/009/0005251079?sid=110,"Sun, 28 Jan 2024 17:19:00 +0900"
'내 번호 어떻게 알고?'…쏟아지는 선거 홍보 문자 처벌 못하나,홍보나 <b>스팸</b>으로 의심되는 전화는 아예 받지 않고 있다. B씨는 &quot;근무시간에 전화오거나 하면 안 그래도 바쁜데 번거롭다. ARS로 걸려 오면 따질 수도 없다&quot;고 불편한 기색을 내비쳤다.<b>선거철</b>이면 무분별하게 쏟아지는 유세... ,https://www.asiatoday.co.kr/view.php?key=20240124010014798,"Fri, 26 Jan 2024 07:32:00 +0900"
내 번호는 어떻게 알고? 짜증 유발하는 여론조사 무작위 전화,평소 <b>스팸</b> 전화라 생각하고 모르는 번호는 받지 않는 최 씨는 반복되는 전화를 받자마자 짜증이 났다.... 최 씨는 &quot;<b>선거철</b>이라 여론조사 전화가 많이 오는 건 어쩔 수 없다고 생각한다. 그러나 도가 지나치게 바빠서 번호... ,http://www.civicnews.com/news/articleView.html?idxno=36353,"Mon, 15 Jan 2024 18:50:00 +0900"
“수신 차단 번호만 70개 넘어”…선거·스미싱 등 ‘문자’ 골칫덩이 ...,A씨는 연이은 <b>스팸</b> 문자에 개인 정보가 어디까지 노출된 것인지 걱정이 됐다고 했다. A씨는 “그런 문자를... 평소 해외 카드결제 사기 문자가 많이 오는 탓도 있지만 <b>선거철</b>마다 오는 홍보용 문자를 사전에 차단하기... ,https://n.news.naver.com/mnews/article/016/0002252084?sid=102,"Mon, 15 Jan 2024 09:36:00 +0900"
[따져보니] 내 번호 어떻게 알았나…선거 전화·문자 막을 방법은?,<b>선거철</b>만 되면 이곳 저곳에서 선거운동 문자와 전화가 쏟아집니다. 일종의 공해죠. 어떻게 내 번호를 안 건지... 후보들 문자에서 자주 나오는 단어를 <b>스팸</b> 문구로 설정하는 방법도 있고요. 번거롭더라도 매번 일일이... ,https://n.news.naver.com/mnews/article/448/0000443431?sid=100,"Tue, 09 Jan 2024 21:40:00 +0900"
"짜증나, 내 폰번호 어떻게 알았지?…&quot;500원이면 입수합니다&quot; [선거 문자...",교사로 근무하는 이모(34)씨는 “전화번호가 외부에 노출될 수밖에 없어서 그런지 <b>선거철</b>만 되면 다른... 문자를 <b>스팸</b> 문구에 등록하는 방법 ▶<b>스팸</b> 전화 차단 애플리케이션을 활용해 ARS 홍보 전화를 차단하는 방법... ,https://n.news.naver.com/mnews/article/025/0003333847?sid=100,"Tue, 09 Jan 2024 05:00:00 +0900"
"고학수 개인정보보호위원장 &quot;<b>선거철 스팸</b>문자, 중장기 대책 필요&quot;","고학수 개인정보보호위원장 &quot;<b>선거철 스팸</b>문자, 중장기 대책 필요&quot; 고학수(사진) 개인정보보호위원회 위원장이 “선거철이면 쏟아지는 유세 홍보 문자 메시지에 대해 중장기적인 대책이 필요할 것”이라고 말했다.26일... ",https://www.viva100.com/main/view.php?key=20231226010007877,"Tue, 26 Dec 2023 17:42:00 +0900"
“엮이면 상한가”…공매도 금지에 거품 커지는 ‘테마주’,<b>스팸</b>관여 과다종목으로 투자주의 종목으로 지정한 데 이어 투자경고 종목 지정을 예고했다. 이 같은 한 장관의 테마주 급등 현상을 두고 증권가에서는 우려의 목소리를 내고 있다. 정치 테마주는 매번 <b>선거철</b>이면... ,https://www.ebn.co.kr/news/view/1602998/?sc=Naver,"Mon, 04 Dec 2023 14:34:00 +0900"
[윤종채의 무등을 바라보며]<b>선거철</b>마다 '을'의 호주머니 터는 정치인들...,정치인들의 출판기념회는 <b>선거철</b>이면 약방의 감초격이다. 스마트폰 등으로 온 사방에 날린 출판기념회 초대장과 문자는 <b>스팸</b>이다. 광주·전남지역에서도 총선 출마를 저울질하는 정치인들의 출판기념회가 봇물을 이루고... ,http://www.namdonews.com/news/articleView.html?idxno=747613,"Tue, 14 Nov 2023 17:02:00 +0900"
"자꾸 걸려오는 여론조사 전화, 내 번호 어떻게 알았을까",지지율 조사가 필요하거나 <b>선거철</b>을 앞두고 있을 때면 모르는 번호로 전화가 걸려오곤 한다. 심한 경우에는... 조사 기관이 무작위로 번호를 선정해 전화를 건 경우에는 <b>스팸</b>으로 걸어 놔야 차단할 수 있다．,https://n.news.naver.com/mnews/article/003/0012169567?sid=105,"Thu, 26 Oct 2023 06:31:00 +0900"
[반갑다! 쉬운 우리말] ‘콜 포비아’를 해석하면 ‘통화 기피증’,지긋지긋하게 울려대는 전화 때문에 <b>선거철</b>에는 전화 벨소리를 무음으로 설정하는 사람도 있습니다. 또한... 등의 <b>스팸</b> 전화가 하루에도 몇 통씩 걸려오는 세상에 살게 됐습니다. 따라서 전화 자체를 꺼리게 되는 콜... ,https://n.news.naver.com/mnews/article/421/0006971048?sid=102,"Fri, 04 Aug 2023 09:00:00 +0900"
"논란의 선관위, '선거문자 민원' KISA에 떠넘겨",해킹·바이러스·불법<b>스팸</b>메일 등 개인정보침해 일반을 담당하는 침해신고센터에 선거문자 민원이... 있다”며 “<b>선거철</b>마다 관련 민원으로 업무가 마비될 지경”이라고 호소했다. 이 관계자는 “우리 기관에서 할... ,https://n.news.naver.com/mnews/article/022/0003823435?sid=100,"Thu, 15 Jun 2023 18:42:00 +0900"
[윤재우의 비대면 선거의 제왕 #54] 민생과 관련된 '개혁'과 '안정성'의...,<b>선거철</b>이 되면 정당은 당의 '외연 확장'을 최대 목표로 설정하여 부동층 공략에 주력한다. 부동층 표심은... 비대면 플랫폼은 싫어하거나 관심없는 내용을 차단하는 <b>스팸</b>차단 기능을 모두 갖추고 있다. 지지층 위주의... ,https://www.nbntv.kr/news/articleView.html?idxno=299827,"Fri, 24 Mar 2023 06:02:00 +0900"
&quot;에너지도 과식하셨나요?&quot; [기고],"<b>선거철</b>에 나올 만한 문구도 눈에 띈다 '뽑아주십시오! 기호 1번 콘센트'. 때로는 시 운율로 표현하기도 한다... 흑역사가 담긴 이메일을 지우거나 <b>스팸</b>메일 정리하고, 영화관 에티켓을 지키려 휴대폰 전원을 끄고, 눈 건강을... ",https://n.news.naver.com/mnews/article/008/0004821535?sid=101,"Thu, 24 Nov 2022 05:50:00 +0900"
[다녀왔습니다] '선거 홍보 <b>스팸</b>' 폭주한 이유는?,<b>스팸</b> 수준입니다. [원주 시민] &quot;하루에 많게는 한 30통을 받아요. 수신 거부라고 해서 '080' 나오잖아요. 그걸 했는데도 또다시 오더라고요.&quot; <b>선거철</b>이면 수시로 걸려오는 후보들의 홍보 전화. 어떤 후보는 번호까지 바꿔가며... ,https://n.news.naver.com/mnews/article/214/0001200769?sid=102,"Sat, 04 Jun 2022 20:15:00 +0900"
(기자의'눈')지겨운 <b>선거철</b> 연락 공해,때문에 선거 관련 단어를 <b>스팸</b> 키워드로 등록하거나 이동통신 3사가 운영하는 <b>스팸</b>차단 앱을 사용하면 좋다. 선거 문자는 문자 발송 시스템을 이용해 대량으로 발송할 경우 유권자 1명에 최대 8번까지 보낼 수 있으며... ,http://www.newstomato.com/ReadNews.aspx?no=1126048&inflow=N,"Tue, 31 May 2022 06:02:00 +0900"
[매일칼럼] TK 정치 고인물,그런 탓에 <b>선거철</b>만 되면 정치 <b>스팸</b> 문자와 전화 폭탄을 경험한다. 6·1 지방선거가 열리는 올해는 유독 더 심하다. 모르는 번호의 전화나 문자가 오면 정치 <b>스팸</b>이다. 투표할 마음마저 싹 달아나게 만들 정도로... ,https://n.news.naver.com/mnews/article/088/0000758210?sid=004,"Sun, 15 May 2022 18:45:00 +0900"
서울 사는데 부산 출마 후보 문자가…내 번호 어떻게?[궁즉답],그럼 <b>선거철</b>이면 쏟아지는 후보자의 홍보문자는 어떡해야 할까요? 현재로서는 시민들이 함께 집단지성을 발휘하면서 직접 차단할 수밖에 없습니다. ‘T전화’나 ‘후후 ’같은 <b>스팸</b>차단 앱에서는 수신번호에 대한... ,https://n.news.naver.com/mnews/article/018/0005213042?sid=105,"Wed, 11 May 2022 16:52:00 +0900"
4분기 후후 앱 <b>스팸</b> 신고 779만 건…&quot;<b>선거철</b> 설문조사 빙자 96% 급증&quot;,"<b>스팸</b> 차단 애플리케이션 '후후'를 제공하는 후후앤컴퍼니(대표 허태범)가 2021년 4분기 후후 이용자들이 신고한 <b>스팸</b> 통계를 집계한 결과 지난해 4분기에 전년 동기 대비 약 108만건, 전 분기 대비 23만 여 건 늘어난 779만... ",http://www.thebigdata.co.kr/view.php?ud=202201250928597030d0a8833aad_23,"Tue, 25 Jan 2022 09:56:00 +0900"
"&quot;제발 그만&quot;…<b>스팸</b>인듯 <b>스팸</b> 아닌 '허경영 전화', 완전 차단 안되나",일괄적으로 <b>스팸</b>으로 분류해 차단하는 방법은 없다. 현재로선 전화가 오는 대로 해당 번호를 휴대전화에서... <b>선거 철</b>마다 개인은 물론 긴급한 전화를 받아야 하는 병원 응급실까지 매일 많게는 수십 통의 투표독려... ,https://n.news.naver.com/mnews/article/008/0004697332?sid=105,"Mon, 17 Jan 2022 20:00:00 +0900"
“대통령 되면 차별없이 모두 잘사는 나라 만들어 주세요”,"<b>선거철</b>이면 아동복지시설은 ‘표가 안 되니 거들떠보지도 않는다’는 말이 나돈다. 정치인들이 각종 선거를... 이곳에 다니는 초등학교 6학년 여학생은 “보이스피싱과 <b>스팸</b> 문자를 좀 없애 달라”고, 다른 5학년... ",http://www.knnews.co.kr/news/articleView.php?idxno=1367013,"Mon, 03 Jan 2022 21:54:00 +0900"
[뉴스7 부산] 클로징,"이런 <b>스팸</b>들, 사기로 이어지는 경우도 많은데, 웬일인지 <b>선거철</b>만 되면 유난히 더 기승입니다. <b>스팸</b>번호로 분류했더니 다른 번호로 걸려오고, 분초를 다투는 응급의료센터 업무용 전화까지 가리지 않는다는데, 환영받지... ",https://n.news.naver.com/mnews/article/056/0011174792?sid=100,"Mon, 13 Dec 2021 19:33:00 +0900"
철학 없이 살아도 된다고요?,"<b>선거철</b>이 되면 누가 유권자를 더 잘 속이느냐의 여부가 승패가 갈린다. 이기고 보자는 전략은 실천 가능한... 외제를 국산품으로 속이고, 허술한 내용에 화려한 포장으로, 보이스 피싱에, <b>스팸</b>에… 소비자를 유혹할 수 있는... ",http://www.newsfreezone.co.kr/news/articleView.html?idxno=301806,"Wed, 03 Mar 2021 11:47:00 +0900"
<b>선거철</b>이면 오는 정치인의 문자··· “전화번호 어디서 알았나” 물어...,"<b>스팸</b> 문자의 발신자를 특정·추적하는 것은 불가능에 가깝기에 적용하기 어려운데, 선거 유세 문자는 정치인에 의해 발송되기 때문에 정보주체의 권리 행사를 할 수 있다. 그러나 처벌조항이 있음에도 불구하고 <b>선거철</b>... ",https://n.news.naver.com/mnews/article/138/0002099027?sid=105,"Wed, 17 Feb 2021 18:31:00 +0900"
"선거문자 스트레스…민원, 20대총선 두배",(57)는 <b>선거철</b>을 맞아 지역구 출마 국회의원에게서 수차례 선거 홍보 문자메시지와 전화를 받았다. 전화를... 118상담센터는 인터넷진흥원에서 운영하고 있는 개인정보 침해·<b>스팸</b> 등 사이버 고충 민원에 대한 전화 상담... ,https://n.news.naver.com/mnews/article/009/0004557165?sid=102,"Tue, 14 Apr 2020 17:43:00 +0900"
[팩트체크] &quot;내 번호를 어떻게&quot; 유세위한 전화번호수집 '불법'?,"때문에 <b>선거철</b>마다 공약 문자 전송과 전화 유세가 활개를 친다. 연락처 수집에 동의한적이 없는 유권자들은 연이은 '<b>스팸</b>' 문자에 분통을 터뜨린다. 용인구에 거주 중인 50대 주부는 &quot;당원으로 활동한적도 없고, 지인들... ",http://www.newspim.com/news/view/20200414000810,"Tue, 14 Apr 2020 16:29:00 +0900"
[단독] &quot;내 번호 어떻게 알았지?&quot;…유권자 괴롭히는 선거문자,(57)는 <b>선거철</b>을 맞아 지역구 출마 국회의원으로부터 수차례 선거 홍보 문자메시지와 전화를 받았다.... 118상담센터는 인터넷진흥원에서 운영하고 있는 개인정보침해·<b>스팸</b> 등의 사이버 고충 민원에 대한 전화 상담... ,https://n.news.naver.com/mnews/article/009/0004557009?sid=102,"Tue, 14 Apr 2020 15:14:00 +0900"
선거홍보 과열 양상 개인정보 침해심각,"박씨는 &quot;<b>선거철</b>이라고 매년 이해는 하지만, 가끔씩 너무 화가 나 전화로 언성을 높일 때도 있다&quot;고 했다.... <b>스팸</b>(Spam)전화나 문자로 지정됐거나, 수신거부 등을 피하는 후보자들의 꼼수로 지적되고 있다. 여론은 좋지 않다.... ",http://www.kbmaeil.com/news/articleView.html?idxno=843645,"Mon, 13 Apr 2020 20:30:00 +0900"
“오늘만 벌써 몇 개째야”…선거운동 문자 피로감 호소,불만은 <b>선거철</b>마다 더욱 커지고 있다. 실제 ‘2019 개인정보보호 연차보고서’를 살펴보면 지난 2018년... 46만건의 불법 <b>스팸</b>(불법 영리성 목적의 광고성 정보) 전송 신고가 접수되기도 했다. 시민 김모(31)씨는 “한 번도... ,http://www.kjdaily.com/read.php3?aid=1586772985507177005,"Mon, 13 Apr 2020 19:22:00 +0900"
"[양재원 선대위 상근부대변인 논평] 개인정보 불법수집 미래한국당, 철...",<b>선거철</b>만 되면 유권자들은 한 번도 가보지 못한 전국 곳곳의 후보에게서 선거 문자를 받는다. 정작 자신이 사는 지역구 후보자의 선거정보는 <b>스팸</b>처럼 쌓인 문자들과 함께 삭제되기 일쑤다. 짜증섞인 유권자들은... ,https://n.news.naver.com/mnews/article/305/0000026412?sid=123,"Fri, 10 Apr 2020 14:03:00 +0900"
"[4.15총선] 응답률 10%, 여론조사 '신뢰도' 논란… 문제점은?","기자] <b>선거철</b>이면 각 언론사들은 앞다퉈 여론조사를 실시해 결과를 공표한다. 일주일여 앞둔 21대... 다만 &quot;수용자 입장에서 안심번호에 대한 피로도가 쌓이고 있고, 보이스피싱 우려 등으로 <b>스팸</b>을 설정하는 등 여러... ",http://www.newscj.com/news/articleView.html?idxno=726695,"Fri, 10 Apr 2020 00:16:00 +0900"
안전안내에다 선거운동까지…쏟아지는 문자 폭탄 “지친다 지쳐”,"억누르며 <b>스팸</b> 처리했다”고 불만을 터트렸다. 선거운동문자가 쇄도하자 온라인포털에는 선거운동문자 연관... 넘었는데 <b>선거철</b>만 되면, 이 정도면 경산시가 개인정보 판 것 아닌가’, ‘전화기를 바꾼 지도 오래됐는데... ",http://www.idaegu.com/newsView/idg202004070107,"Wed, 08 Apr 2020 15:38:00 +0900"
제한 없는 선거문자 논란… 재난 문자 이어 국민 피로감 누적,뉴데일리 전상현 기자 = 불법 대량<b>스팸</b> 발송 억제를 위해 이통사가 한 회선당 하루 500건 발송으로... 통신업계 관계자는 &quot;<b>선거철</b>이 되면 고객센터가 관련 항의를 떠안기도 하는 등 관련 고충을 토로하는 국민들이 많다&quot;며... ,http://biz.newdaily.co.kr/site/data/html/2020/04/06/2020040600003.html,"Mon, 06 Apr 2020 06:14:00 +0900"
"&quot;제 번호 어떻게 아셨나요?&quot; 총선 앞두고 선거운동문자, 어떻게 생각하...",이거 불법 아닌가요?&quot; 직장인 A(27) 씨는 <b>선거철</b>마다 반복적으로 오는 선거운동문자에 지친다며 이같이... 불법 <b>스팸</b>(불법 영리성 목적의 광고성 정보) 전송 신고가 접수되기도 했다. 현행 공직선거법(공직선거법 제59조)에... ,https://n.news.naver.com/mnews/article/277/0004655289?sid=102,"Fri, 03 Apr 2020 11:19:00 +0900"
&quot;후회 없는 선택 부탁&quot; 허경영 '총선 투표 독려' 전화 논란,A 씨는 &quot;평소 모르는 전화를 받지 않는데 <b>선거철</b>이라 여론조사용 전화인 줄 알고 받았는데 허경영 목소리가... 허 대표의 번호로 알려진 '02-3**5-**63은 <b>스팸</b> 전화 등록 사이트에 691회 이상 신고 받기도 했다. 일부... ,https://n.news.naver.com/mnews/article/277/0004636945?sid=102,"Thu, 05 Mar 2020 09:36:00 +0900"
"정치, 더는 어른들만의 소유물 아니다","선거 홍보 문자가 불법 '<b>스팸</b>'은 아닐지 모르지만, <b>스팸</b> 못지않은 '귀찮음'의 대명사가 된 지 오래다. 이번... '<b>선거철</b>만 표를 먹고 사는 사람들', '원하는 것을 얻기 위해 대중들 앞에서 연기하는 이들' '맨날 싸우는 이들... ",https://jnilbo.com/?p=874777,"Mon, 27 Jan 2020 14:38:00 +0900"
윤종채 남도일보 주필의 무등을 바라보며,윤종채 남도일보 주필의 무등을 바라보며 '적폐' 정치인 출판기념회는 왜 혁신되지 않는가 또 <b>선거철</b>이... 막바지 출판기념회를 연다고 온 사방으로 날린 초청장과 카톡·문자메시지는 <b>스팸</b>이다. '가야 하나' '봉투에 얼마를... ,http://www.namdonews.com/news/articleView.html?idxno=554859,"Mon, 30 Dec 2019 16:20:00 +0900"
밤에도 울리는 ARS 여론조사로 짜증나는 ‘시민들’,A씨는 02-2081-****라는 번호를 확인하고 <b>스팸</b> 전화일 것으로 생각한 A씨는 기분이 언짢았지만 ‘통화’버튼을... 시민 박모(39)씨는 “본격적인 <b>선거철</b>도 아니고 벌써부터 오후 9시가 넘은 시간에 여론조사 전화에 시달려야... ,https://n.news.naver.com/mnews/article/277/0004542930?sid=102,"Thu, 26 Sep 2019 13:35:00 +0900"
트루컬러 &quot;전 세계 <b>스팸</b> 전화 건수 대폭 증가&quot;,"대부·보험·재무설계 등 금융업 관련 광고 전화, <b>선거철</b> 홍보 전화 등이 <b>스팸</b> 전화로 분류됐다. 1인당 <b>스팸</b> 전화 수신량이 가장 많은 국가는 브라질이었다. 브라질 내 트루컬러 이용자는 한달 평균 37.5건의 <b>스팸</b> 전화를... ",https://n.news.naver.com/mnews/article/092/0002152884?sid=105,"Wed, 19 Dec 2018 15:36:00 +0900"
투표 의지 꺾는 선거운동방식,"이상민 의원실 제공 &quot;평소 선거에 관심이 많아 <b>선거철</b>엔 후보에 대한 궁금증과 정책들은 스스로 찾아보고... 선거 <b>스팸</b> 신고 건수는 46만 61건이다. 이는 2016년 제20대 총선과 비교할 때 민원 상담(4259건)은 5배, 선거 <b>스팸</b>... ",http://www.ggilbo.com/news/articleView.html?idxno=554604,"Tue, 16 Oct 2018 17:52:00 +0900"
선거 <b>스팸</b> 신고 3년간 90만건…&quot;개인정보활용 기준 마련해야&quot;,기자] <b>선거철</b>이면 쏟아지는 <b>스팸</b> 문자에 유권자들이 불편을 겪고 있다. 선거법 등에서도 개인정보 활용에 대한 명확한 가이드라인을 마련해야 한다는 지적이 나왔다. 26일 국회 과학기술정보방송통신위원회 소속... ,https://n.news.naver.com/mnews/article/277/0004322603?sid=105,"Wed, 26 Sep 2018 13:03:00 +0900"
김성태 의원 “<b>선거철</b> 문자 폭탄 심각…최근 3년간 90만건 넘어”,문자 메시지가 선거운동의 수단 가운데 하나로 자리 잡으면서 <b>선거철</b>마다 ‘선거 문자 폭탄’에 불만을... 선거 <b>스팸</b> 신고는 무려 46만건으로 2016년 총선(31만 3223건)과 2017년 대선(13만 6718건) 당시 접수된 건수를 합한... ,http://www.fntimes.com/html/view.php?ud=201809261210377954c0779ffa7c_18,"Wed, 26 Sep 2018 12:15:00 +0900"
"김성태 &quot;<b>선거철</b> 문자 폭증, 지방선거 <b>스팸</b> 신고 46만건&quot;",문자 메시지가 선거운동의 수단 가운데 하나로 자리 잡으면서 <b>선거철</b>마다 급증하는 '선거 문자'와 관련... 선거 <b>스팸</b> 신고는 무려 46만 건으로 2016년 총선(31만3223건)과‘17년 대선(13만6718건) 당시 접수된 건수를 합한 것... ,https://n.news.naver.com/mnews/article/277/0004322572?sid=100,"Wed, 26 Sep 2018 11:45:00 +0900"
머신러닝으로 영상·사진까지 ‘가짜’ 판별하는 페이스북,우선 페이스북 커뮤니티 규정을 위반한거나 <b>스팸</b> 콘텐츠를 올리는 이들의 계절을 제거하고 자주 문제가 된... 페이스북코리아는 <b>선거철</b>을 중심으로 정부기관과 긴밀하게 협력해 허위뉴스를 근절했다고 밝혔다.... ,http://www.sisajournal-e.com/biz/article/188731,"Wed, 05 Sep 2018 17:55:00 +0900"
인터넷진흥원 “선거 문자 불편호소 심각”,"KISA는 이번 민원대응 통계자료를 기반으로 <b>선거철</b> 무분별한 선거문자로 인한 국민 불편을 해소하고... KISA는 개인정보, 불법<b>스팸</b>, 해킹바이러스 등 인터넷상에서 국민들이 느끼는 불편과 고충을 상담하고 해결하기... ",http://www.kjdaily.com/read.php3?aid=1530614264442447004,"Tue, 03 Jul 2018 19:56:00 +0900"
KISA 김주영 센터장이 말하는 상반기 개인정보 유출 이슈,"있으며, <b>스팸</b> 등을 위한 불법거래 생태계가 형성되어 있는 게 현실이다. 최근 5년간 개인정보 유출사고의 65... 하지만 모든 수신자의 동의를 받기는 어려운 게 현실임을 감안해 <b>선거철</b> 무분별한 선거문자로 인한 국민... ",http://www.boannews.com/media/view.asp?idx=70714&kind=1,"Mon, 02 Jul 2018 17:56:00 +0900"
KISA &quot;지방선거문자 개인정보침해 민원 종전 4배&quot;,"KISA는 개인정보, 불법<b>스팸</b>, 해킹바이러스 등 인터넷상에서 국민들이 느끼는 불편과 고충을 상담하고... KISA는 이번 민원대응 통계자료를 기반으로 <b>선거철</b> 무분별한 선거문자로 인한 국민 불편을 해소하고... ",https://n.news.naver.com/mnews/article/092/0002140364?sid=105,"Tue, 26 Jun 2018 00:01:00 +0900"
선거문자 불편신고 4배 증가…&quot;개인정보보호 인식 변해&quot;,"KISA는 이번 민원대응 통계자료를 기반으로 <b>선거철</b> 무분별한 선거문자로 인한 국민 불편을 해소하고... KISA는 개인정보, 불법<b>스팸</b>, 해킹바이러스 등 인터넷상에서 국민들이 느끼는 불편과 고충을 상담하고 해결하기... ",http://www.itdaily.kr/news/articleView.html?idxno=89704,"Mon, 25 Jun 2018 23:40:00 +0900"
선거문자 불편호소 4배 증가...개인정보보호 국민인식 변화 원인,"KISA는 이번 민원대응 통계자료를 기반으로 <b>선거철</b> 무분별한 선거문자로 인한 국민 불편을 해소하고... KISA는 개인정보, 불법<b>스팸</b>, 해킹바이러스 등 인터넷상에서 국민들이 느끼는 불편과 고충을 상담하고... ",http://www.boannews.com/media/view.asp?idx=70658&kind=2,"Mon, 25 Jun 2018 11:40:00 +0900"
차단해도 또 오는 선거 문자…개인정보 침해 상담 5배 급증,"이에 KISA는 민원대응 통계자료를 기반으로 <b>선거철</b> 무분별한 선거 문자로 인한 국민 불편을 해소하고... KISA는 개인정보, 불법<b>스팸</b>, 해킹바이러스 등 인터넷상에서 국민들이 느끼는 불편과 고충 해결을 돕는... ",https://n.news.naver.com/mnews/article/277/0004264447?sid=105,"Mon, 25 Jun 2018 11:00:00 +0900"
선거일까지 후보자 홍보문자· 전화 공세로 국민은 몸살,결국 시대상황을 제대로 반영하지 못한 법률조항과 통신환경의 급변화가 맞물리면서 <b>선거철</b>마다 애꿎은... 이 경우 선거운동 문자와 홍보전화 수신을 꺼려하는 국민들이 <b>스팸</b>문자와 전화를 차단하듯 정보수신을... ,https://n.news.naver.com/mnews/article/421/0003425972?sid=102,"Wed, 13 Jun 2018 10:00:00 +0900"
선거홍보 문자·전화에 유권자 '골치'…내 번호 어떻게?,"처음에는 <b>선거철</b>이다 보니 대수롭지 않게 넘겼지만, 같은 내용의 문자로 시도 때도 없이 울리는... 개인정보·불법 <b>스팸</b>·해킹·바이러스 등 인터넷상에서 느끼는 불편과 고충을 해결하겠다는 취지다. 황성원 118 사이버... ",https://n.news.naver.com/mnews/article/079/0003111219?sid=101,"Tue, 12 Jun 2018 05:06:00 +0900"
[FACT IN 뉴스] 내 번호는 어떻게?…<b>선거철</b> '문자폭탄' 처벌 가능할까,그렇다면 <b>스팸</b>문자처럼 밀려오는 선거 문자에 대처할 방법은 무엇일까. 전문가들은 “문자 내 ‘수신거부’ 링크를 누르거나 통화 시 수신거부 의사를 명확하게 밝히는 것이 중요하다”고 한목소리를 냈다. 선관위... ,https://n.news.naver.com/mnews/article/022/0003280252?sid=162,"Mon, 11 Jun 2018 19:18:00 +0900"
시도 때도 없는 선거전화 '싫어요',"계속 걸려오는 전화에 짜증이 난 유권자는 '<b>스팸</b>' 전화로 등록하기도 한다.한 후보자를 홍보한 055-264... <b>선거철</b> 소음, 유세차량 불법 주정차까지 더해 공직선거법 규제를 강화해야 한다는 목소리가 끊이지 않는다.... ",http://www.idomin.com/?mod=news&act=articleView&idxno=568292,"Mon, 11 Jun 2018 08:46:00 +0900"
"한국인터넷진흥원, <b>선거철</b> 개인정보 침해 민원상담 비상 대응체계 가동",KISA는 개인정보·불법 <b>스팸</b>·해킹·바이러스 등 인터넷상에서 국민들이 느끼는 불편과 고충을 상담하고 해결하기 위해 118사이버민원센터(국번없이 118)를 24시간 운영하고 있다. KISA에 따르면 5월 1일부터 8일까지 118... ,http://it.chosun.com/site/data/html_dir/2018/06/10/2018061001346.html,"Sun, 10 Jun 2018 18:16:00 +0900"
<b>선거철</b> 개인정보 민원 증가에..KISA 118상담 비상체계 가동,"<b>선거철</b>을 맞아 유세 홍보 문자 관련 개인정보 침해 상담을 확대·강화한다. 9일 한국인터넷진흥원(KISA)은... KISA는 개인정보, 불법<b>스팸</b>, 해킹·바이러스 등 인터넷상에서 국민들이 느끼는 불편과 고충을 상담하고... ",https://n.news.naver.com/mnews/article/018/0004121905?sid=105,"Sat, 09 Jun 2018 13:07:00 +0900"
&quot;내 휴대폰 번호 어떻게 알았지?&quot;…문자폭탄의 비밀,"[[the L] [Law&amp;Life-<b>선거철</b> '문자폭탄' ①] 주차장 돌며 번호 적고, 돈 주고 명단 사고…선거 캠프 &quot;우리도 방법이... 관련 <b>스팸</b> 문자 신고 등은 훨씬 많다&quot;고 전했다. ◇주차장 돌고 세탁소·마트에 아파트 관리실까지 선거 캠프... ",https://n.news.naver.com/mnews/article/008/0004062525?sid=102,"Sat, 09 Jun 2018 05:01:00 +0900"
"`문자유죄 카톡무죄`…폭탄 문자는 안되는데, 폭탄 카톡은 된다?",&quot; 부산에 거주하고 있는 A씨(37)의 최근 <b>스팸</b>처럼 날라오는 선거 관련 카카오톡 메시지때문에 속앓이를... <b>선거철</b> 문자 공해를 막기 위해 '선거 홍보 단체 문자' 전송 요건을 공직선거법에서 까다롭게 규정했지만 많은... ,https://n.news.naver.com/mnews/article/009/0004164998?sid=102,"Fri, 08 Jun 2018 15:49:00 +0900"
6.13 지방선거 사전투표일이지만... 문자폭탄 불만 ‘폭주’,"<b>선거철</b> 후원금 모집 등 선거 관련 문자가 쏟아지고 있기 때문이다. 이를 본지에 알려온 한 제보자는... 발송된 문자에 ‘무료 수신 거부’라는 표기나 ‘광고’ 등의 표기가 있다면 <b>스팸</b>에 해당되지 않으며, 별도로... ",http://www.boannews.com/media/view.asp?idx=70187&kind=,"Fri, 08 Jun 2018 09:50:00 +0900"
[사설]<b>선거철</b> 문자폭탄에 시달리는 유권자들,<b>선거철</b> '문자공해'가 시작된 것이다. 지역구도 다르고 일면식도 없는 후보가 보내는 문자로 인해 유권자들이... 특히 개인정보 습득 경위에 대한 의심과 함께 불쾌감을 주는 선거운동 문자는 <b>스팸</b>신고를 한다고 해도 거의... ,http://www.kgnews.co.kr/news/articleView.html?idxno=517134,"Sun, 03 Jun 2018 20:52:00 +0900"
그 후보는 내 번호를 어떻게 알았을까? 불쾌할 땐···[알아보니],<b>선거철</b>이면 시도때도 없이 홍보 문자가 날아옵니다. 31일 6·13지방선거 및 국회의원 재보선 선거 홍보전이... 부광득 변호사와 김정관 대표는 카카오톡 메신저를 통해 <b>스팸</b> 문자를 신고할 수 있는 시스템을 만들었습니다.... ,https://n.news.naver.com/mnews/article/032/0002873015?sid=102,"Thu, 31 May 2018 14:58:00 +0900"
지방선거 앞두고 '문자 폭탄'...법 위반에도 처벌은 0,과태료 부과 주체인 행정안전부 관계자도 “현행 개인정보보호법은 무등록업체에서 보내는 <b>스팸</b>문자 등 불법행위에 초점이 맞춰져 있어 <b>선거철</b>에 적용하기는 어렵다”며 “시정명령을 활용해 상호 조심하는 분위기를... ,https://n.news.naver.com/mnews/article/011/0003310426?sid=102,"Wed, 30 May 2018 17:05:00 +0900"
[기고]<b>스팸</b> 사회와의 전쟁,지금 우리는 `언어-에너지'가 과다 분비돼 <b>스팸</b>이 되는 하루하루를 살고 있다. <b>선거철</b>엔 더욱 그렇다. `말과 글'의 스펙터클(Spectacle)이 그 어느 때보다 빈번하게 이뤄지고 있는 시대다. 그런 시대 속에서 사람들의 감각이... ,https://n.news.naver.com/mnews/article/087/0000710725?sid=102,"Wed, 23 May 2018 00:32:00 +0900"
[야구장에서 만난 사람] (8) NC 팬밴드 운영자 이다겸 씨,<b>스팸</b>과의 전쟁은 여전히 진행 중이다. 특히 <b>선거철</b>을 맞아 오로지 홍보만을 노리고 밴드에 가입하는 분들이 있다. 네이버 아이디 도용·해킹도 많고. 밴드에 가입한 날짜 등을 참고해 승인 단계에서부터 거르고 있지만... ,http://www.idomin.com/?mod=news&act=articleView&idxno=566388,"Tue, 15 May 2018 08:04:00 +0900"
"치킨·김밥까지 줄줄이 오르는 익숙한 풍경, '<b>선거철</b> 고질병'","맛동산, <b>스팸</b>까지 줄줄이 오르는 걸 보니 <b>선거철</b>이 됐다는 게 실감이 나네요.&quot; 6ㆍ13 지방선거가 한달여 앞으로 다가온 가운데 음료와 소시지, 과자, 생수 등 생활과 직결된 가공식품들이 앞다퉈 인상대열에 합류해... ",http://www.kgnews.co.kr/news/articleView.html?idxno=514606,"Tue, 08 May 2018 21:38:00 +0900"
“10분이면 ‘베스트 공감 댓글’ 만들어… 여론조작 얼마든지 가능”,"<b>선거철</b>이면 정치권에는 댓글 블로그 카페 등으로 불리한 여론을 뒤집어 주겠다는 어둠의 제안이 판친다고... 아이디와 인터넷주소(IP주소) 변경, 스크랩, <b>스팸</b> 문자, 매크로 속도 등 기능이 추가될 때마다 단가가... ",https://n.news.naver.com/mnews/article/020/0003141980?sid=105,"Sat, 21 Apr 2018 03:02:00 +0900"
[사설]짜증 유발하는 선거홍보 문자메시지,평소에도 <b>스팸</b>메시지에 시달리는데 선거 때만 되면 '문자공해'가 더욱 기승을 부린다. 더구나 지역구도... <b>선거철</b> 관계당국의 강력한 단속과 함께 무분별한 문자메시지와 SNS의 폐단을 막기 위한 보완책 마련이 요구된다.,http://www.ccdn.co.kr/news/articleView.html?idxno=515253,"Wed, 18 Apr 2018 20:32:00 +0900"
'툭하면 띵동' <b>선거철</b> 문자메시지 유권자 짜증 유발,매번 <b>선거철</b>이 되면 날아드는 무차별 문자메시지 폭탄이 또다시 시작돼 주민들의 불편이 가중되고 있다.... 지역 주민들도 &quot;<b>스팸</b>문자처럼 보내는 후보는 절대 뽑지 않겠다&quot;며 &quot;내 휴대폰 번호는 어떻게 알아서 문자를... ,http://www.jbnews.com/news/articleView.html?idxno=838154,"Tue, 17 Apr 2018 21:30:00 +0900"
"시도때도 없는 선거문자,시민들 '불쾌'","김씨는 &quot;<b>선거철</b>이 돌아오긴했나보다&quot;며 &quot;평상시에는 관심도 없으면서 이 시기만 되면 연락을 하는 것도... 계속되는 연락에 번호를 <b>스팸</b> 처리를 해도 다른 번호로 연락이 오는가 하면, 이름이 같은 다른 지역... ",http://www.honam.co.kr/read.php3?aid=1522335600551324011,"Fri, 30 Mar 2018 00:32:00 +0900"
"`중진급 초선'이용호, &quot;민생에 집중하겠다&quot;","개정안), '<b>선거철</b> 문자공해 방지법'(공직선거법 개정안), '국가 안전관리 체계 재정비법'(정부조직법 개정안)... 이 의원은 &quot;'퇴근 후 카톡금지법', '자연재해 피해주민 지원강화법', '보이스피싱·대포통장·<b>스팸</b>전화 방지법... ",http://www.sjbnews.com/news/articleView.html?idxno=602917,"Mon, 29 Jan 2018 19:20:00 +0900"
[전북의 창] 후보자와 정치권에 바란다,"<b>선거철</b>이 되면 정치인에게는 모든 사람이 표로 보이는 것만 같다. 백 번, 아니 백 한 번 양보해서, 정치를... 자리를 찾아서 진실로 승부하라. 더 이상 <b>스팸</b>을 보내지 말고 당신의 '빛깔과 향기에 알맞은' 메시지를 보내다오.",http://www.sjbnews.com/news/articleView.html?idxno=601353,"Thu, 04 Jan 2018 19:28:00 +0900"
"이용호 국회의원, 사회적 약자 법안 잇달아 발의","이밖에도 '워터파크 몰카 방지법', '보이스피싱ㆍ대포통장ㆍ<b>스팸</b>전화 방지법', '최순실 방지법', '<b>선거철</b> 문자공해 차단법' 등을 발의해 정치권은 이 의원이 또 다시 어떤 민생법안을 내놓을지 주목하고 있다. 서울=전형남... ",http://www.domin.co.kr/news/articleView.html?idxno=1175042,"Mon, 20 Nov 2017 19:15:00 +0900"
[야고부] 문자 폭탄,<b>선거철</b>만 되면 유권자들에게 문자 메시지를 밤낮없이 <b>스팸</b>처럼 발송하는 정치인들이 문자 폭탄 피해자 코스프레를 하는 것 자체가 어찌 보면 ‘내로남불’일 수 있다. 또한 문자 메시지를 보낸 유권자들과 일전을... ,https://n.news.naver.com/mnews/article/088/0000496340?sid=102,"Mon, 26 Jun 2017 00:11:00 +0900"
[마음의 창] 확성기와 팝송,"일을 방해하는 것들을 꼽으라면 <b>스팸</b> 전화와 확성기 소리, 인근 가게에서 틀어놓은 음악소리 등이 있다. 내가... 그렇더라도 <b>선거철</b> 확성기와 가게 밖으로 흘러넘치는 음악들이 잠잠해져서 불법 소음가들의 변명거리가... ",http://www.cnews.co.kr/uhtml/read.jsp?idxno=201706161411419200325,"Mon, 19 Jun 2017 08:12:00 +0900"
"응답률 낮은 여론조사, &quot;맞추는 게 더 신기해&quot;",<b>선거철</b>만 되면 중앙선거여론조사심의위원회에 하루에도 몇 건씩의 조사 결과가 올라온다. [더피알=서영길... 피싱이나 <b>스팸</b>전화가 많은 상황에서 여론조사 전화 회피 현상을 어떻게 해결할 것인가에 대한 방안도... ,http://www.the-pr.co.kr/news/articleView.html?idxno=16922,"Fri, 07 Apr 2017 14:55:00 +0900"
[이진의 모바일 칼럼]사실(Fact) 위에 신념(Faith),[동아일보] 출근해서 e메일함을 열어보니 수많은 <b>스팸</b>메일 사이에 한 여고생이 보낸 메일이 하나 눈에... 나와 너의 편 가름이 선명한 <b>선거철</b>에는 사실을 각자의 신념에 맞게 해석하는 일이 더 자주 일어날 수밖에 없다.... ,https://n.news.naver.com/mnews/article/020/0003052873?sid=102,"Mon, 27 Mar 2017 10:04:00 +0900"
넘치는 가짜뉴스… “선거 영향 끼칠라” 진위 검증 비상,"<b>선거철</b>이 무르익으면 수백명이 무작위로 모인 단톡(단체채팅)방이 개설되고 이 단톡방에서 공유된... 거짓 뉴스, <b>스팸</b>성 게시물, 허위 정보 등에 관련한 신고가 많이 접수됐거나 많은 사람들이 해당 게시물 링크를 포함한... ",https://n.news.naver.com/mnews/article/081/0002795369?sid=105,"Fri, 03 Feb 2017 03:37:00 +0900"
與의원 번호 유출에 '항의 문자' 몸살… &quot;<b>선거철 스팸</b>문자에 대한 답장...,정청래 전 의원은 자신의 트위터에 &quot;<b>선거철</b>만 되면 국회의원이 국민에게 날리는 수많은 문자 폭탄들. 이제 국민들이 국회의원에게 국민의 명령을 따르라는 항의 문자를 보낼 때입니다&quot;라고 문자 항의를 독려하기도 했다.... ,http://www.newscj.com/news/articleView.html?idxno=391079,"Fri, 02 Dec 2016 14:05:00 +0900"
"이용호, ‘선거문자 <b>스팸</b> 방지’ 법안 발의",국민의당 이용호 의원은 16일(오늘) <b>선거철</b>마다 유권자에 쏟아지는 과도한 선거 문자를 제한하기 위한 '공직선거법 개정안'을 대표발의했다고 밝혔다. 개정안은 개인이 본인 명의의 휴대전화로 1회 20명 이하에게 동시에... ,https://n.news.naver.com/mnews/article/056/0010328720?sid=100,"Thu, 16 Jun 2016 11:57:00 +0900"
[고발취재] 입소문이 ‘산업화’되는 인터넷 암흑가의 실상,있다”며 “<b>선거철</b>에는 인지도가 낮은 정치인이 인기 검색어 순위에 오르기 위해 해당 공장에 의뢰하는... 2014년 3월 대포폰을 사용해 <b>스팸</b> 문자메시지를 보내다 적발된 작업장 모습. 그렇다면 한 사람은 몇 개의... ,http://jmagazine.joins.com/monthly/view/311104,"Tue, 03 May 2016 13:18:00 +0900"
[사설] 선거 문자 메시지 '극성',내걸리면서 <b>선거철</b>이 다가왔음을 알린다. 그러나 유권자들은 팍팍해진 생활 때문인지 선거에 그리 큰 관심을... 특히 개인정보 습득 경위에 대한 의심과 함께 불쾌감을 주는 선거운동 문자는 <b>스팸</b>신고를 한다고 해도 거의... ,http://www.sjbnews.com/news/articleView.html?idxno=519448,"Wed, 30 Mar 2016 20:30:00 +0900"
선거판에도 ‘김미영 팀장’이?…문자 홍수에 몸살나겠네,ㆍ<b>선거철</b> ‘문자 폭탄’ 대처법 회사원 류모씨(33)는 4·13 총선이 코앞으로 닥치면서 후보들의 선거... ■수집출처 구체적으로 못 밝히면 불법 그렇다면 선거 문자메시지를 <b>스팸</b>신고로 처리할 수 있을까. 불법<b>스팸</b>에 대한... ,https://n.news.naver.com/mnews/article/032/0002686801?sid=100,"Sun, 27 Mar 2016 21:27:00 +0900"
[취재파일] '선거 문자 폭탄'…당신의 휴대전화로 쏟아지는 이유,"<b>스팸</b> 등록을 해도 또 오더라고요&quot; &quot;제주도는 졸업 여행밖에 안 가봤는데, 제주도 후보들로부터 문자가 옵니다&quot; ● <b>선거철</b>마다 번호 확보 '혈안'해킹 정보 거래도 하나씩 짚어보겠습니다. 먼저 어떻게 유권자의 휴대전화... ",https://n.news.naver.com/mnews/article/055/0000391537?sid=100,"Fri, 25 Mar 2016 10:22:00 +0900"
&quot;또 보내면 죽는다&quot;&quot;승리하길 바래요&quot;&quot;투표권 없는데요&quot;,또 “문자 한 번만 더 하면 고발한다” “<b>스팸</b> 보내는 놈치고 잘 되는 놈 못 봤다”처럼 협박성(?) 문자도 있었다. 한 선거 캠프 관계자는 “<b>선거철</b>에 후보 홍보 문자를 많이 받다 보니 유권자들이 짜증이 나는 건... ,https://n.news.naver.com/mnews/article/088/0000436923?sid=102,"Tue, 22 Mar 2016 21:59:00 +0900"
명함 개인정보 유출 조심… 선거때마다 <b>스팸</b> 잦은 이유 있었네,"또한 <b>선거철</b>이 다가오면 선거운동원들은 유권자 연락망을 확보하기 위해 명함을 활용하는 것으로 알려져 있다. 식당에서 이벤트 등으로 손님들로부터 받은 명함을 구하거나, 차량 위에 놓인 명함 등을 본 뒤 이를... ",https://n.news.naver.com/mnews/article/417/0000167882?sid=004,"Mon, 21 Mar 2016 10:36:00 +0900"
총선 홍보 문자폭탄… 유권자들 '짜증 폭발',[경북도민일보 = 손석호기자] &quot;<b>선거철</b>만 되면 시도 때도 없이 오는 무차별 선거문자 폭탄에 스트레스 받아... 대출 <b>스팸</b>문자처럼 지긋지긋하다&quot;고 했다. 대구 시민 김모(60)씨도 &quot;선거관련 문자를 수신거부 하려고 해도... ,http://www.hidomin.com/news/articleView.html?idxno=291668,"Tue, 15 Mar 2016 00:44:00 +0900"
<b>선거철</b>·개강시즌 ‘<b>스팸</b>폭탄’… “개인정보 준 적도 없는데”,<b>선거철</b>·대학 개강 홍보문자 쇄도 학생회 사칭 스미싱 공격 요주의 #대학생 A씨(24)는 최근 거주지 지역구에... 최근 국회의원 <b>선거철</b>과 대학교 개강 등을 맞아 개인정보 침해 의심사례가 잇따르고 있는 것으로 나타났다.... ,https://n.news.naver.com/mnews/article/029/0002333605?sid=105,"Thu, 10 Mar 2016 18:36:00 +0900"
공해 뺨치는 문자··· 유권자들 왕짜증,총선을 30여 일 앞두고 무차별적으로 발송되는 후보 홍보 등 <b>스팸</b>성 문자들이 잇따르면서 개인정보유출... 이 같은 상황에 <b>선거철</b>만 되면 급증하는 '공해' 수준인 이런 문자들은 얼마나 보내지는지 정확한 통계조차 알 수... ,http://www.jeollailbo.com/news/articleView.html?idxno=477738,"Tue, 08 Mar 2016 19:48:00 +0900"
과천시선관위 이준광 사무국장 &quot;유권자와 소통 SNS 선거운동&quot;,사법기관이나 <b>스팸</b>으로 신고하는 방법 등이 있을 수 있다. 컴퓨터 이용기술을 활용한 자동정보통신의... 예비후보자들은 <b>선거철</b> 한 때 보다는 유권자와 소통하는 SNS를 이용한 선거운동의 장점을 살려 평상시에도... ,http://www.lawissue.co.kr/news/articleView.html?idxno=25761,"Wed, 24 Feb 2016 17:35:00 +0900"
&lt;기고&gt;유권자와 소통하는 SNS 이용 선거운동,사법기관이나 <b>스팸</b>으로 신고하는 방법 등이 있을 수 있다. 컴퓨터 이용기술을 활용한 자동정보통신의... 예비후보자들은 <b>선거철</b> 한 때 보다는 유권자와 소통하는 SNS를 이용한 선거운동의 장점을 살려 평상시에도... ,http://www.asiatoday.co.kr/view.php?key=20160224010015427,"Wed, 24 Feb 2016 16:55:00 +0900"
선거 문자폭탄 '왕짜증',[중부매일 이민우 기자] &quot;<b>선거철</b>만 되면 시도 때도 없이 걸려오는 무차별적인 전화에 문자메시지까지 너무... 박 씨는 &quot;문자메시지는 거의 <b>스팸</b>수준이다. 내 번호를 어떻게 알고 문자를 보내는지 모르겠지만 하루에 적어도... ,http://www.jbnews.com/news/articleView.html?idxno=717117,"Tue, 23 Feb 2016 21:32:00 +0900"
[총선이슈] “내 번호로 어떻게?” 동의 없는 선거 문자는 ‘불법’,사실상 '<b>스팸</b>' 문자인 겁니다. <b>선거철</b>만 되면 급증하는 이런 문자가 얼마나 보내지는지 정확한 통계을 알 수 없을 정도입니다. 보통 중앙선관위나 인터넷진흥원 등으로 신고하게 되는데요. 인터넷진흥원에 따르면 지난해... ,https://n.news.naver.com/mnews/article/056/0010288769?sid=100,"Tue, 23 Feb 2016 16:47:00 +0900"
문자·SNS에 총선 홍보활동 기승 부작용 속출,"황씨는 &quot;평소에도 대출, 대리운전 등 <b>스팸</b>문자와 전화에 시달리는데 <b>선거철</b>이 다가오면서 관련 문자까지 날라와 짜증난다&quot;며 &quot;수신거부를 해도 여러군데서 문자가 오다보니 일일이 대응하기 힘들다. 내 번호를 어떻게... ",http://www.honam.co.kr/read.php3?aid=1455807600487212001,"Fri, 19 Feb 2016 02:10:00 +0900"
"총선의 계절, 문자폭탄 기승…도대체 내 번호는 어떻게?",15일 주간 업무회의를 하던 중 '○○○의 토박이 예비후보 아무개'라는 문자를 받은 직장인 A씨는 &quot;그렇지 않아도 <b>스팸</b> 문자와 전화에 시달리는데 <b>선거철</b>이 다가오면서 선거 문자까지 날라와 짜증&quot;이라며 &quot;도대체 내... ,https://n.news.naver.com/mnews/article/277/0003687866?sid=102,"Tue, 16 Feb 2016 11:08:00 +0900"
&lt;카드뉴스&gt; 띵동~ <b>선거철</b> 불청객이 돌아왔습니다,(서울=연합뉴스) 장동우 기자ㆍ노세진 작가ㆍ강현우 인턴기자 = 최근 들어 초대받지 않은 손님인 <b>스팸</b>문자나 '<b>스팸</b>톡'이 부쩍 늘었는데요. 발신인은 다름 아닌 4ㆍ13 총선 지역구 예비후보들입니다. 대체 내... ,https://n.news.naver.com/mnews/article/001/0008186909?sid=100,"Mon, 15 Feb 2016 17:30:00 +0900"
내 번호 어떻게 알았지? 선거 앞 <b>스팸</b> 홍수,<b>선거철</b>마다 ‘<b>스팸</b>’성 홍보문자 발송이 반복되고 있으나 관리ㆍ감독 당국은 개인정보 수집 관련 법 조항 미비를 이유로 손을 놓고 있어 애꿎은 유권자들만 피해를 보는 실정이다. 직장인 채모(29)씨 역시 설 연휴를... ,https://n.news.naver.com/mnews/article/469/0000126847?sid=100,"Thu, 11 Feb 2016 04:50:00 +0900"
<b>스팸</b> 뺨치는 선거문자에 유권자들 불만 가중,&quot;도대체 번호는 어떻게 알았는지 불법 도박사이트 등 <b>스팸</b> 메세지를 능가할 정도로 극심한 스트레스를 받고... 의문&quot;이라며 &quot;<b>선거철</b>이면 어김 없이 예비후자들의 이름을 알리기 위해 무차별적으로 뿌려지는 홍보성 문자... ,http://www.kgnews.co.kr/news/articleView.html?idxno=440056,"Wed, 10 Feb 2016 21:28:00 +0900"
선거홍보 문자 독 될까 약 될까,&quot; <b>선거철</b>만 되면 쏟아지는 홍보 문자메시지. 어떤 이는 관심을 갖고 읽어보기도 하지만 대다수의 시민들은... 하지만 유권자들 입장에서는 시도 때도 없이 오는 문자메시지는 <b>스팸</b>문자에 가깝다. 많은 시민들이 홍보... ,http://www.gnnews.co.kr/news/articleView.html?idxno=261191,"Tue, 02 Feb 2016 09:13:00 +0900"
[기자수첩]'내로남불' 정치권의 '개인정보' 무단공유,하지만 최근 받은 문자 가운데 <b>스팸</b>성 문자 대부분은 다른 정당들과 총선을 준비하는 예비후보들이 보낸... <b>선거철</b>을 맞아 일부 선거 브로커들이 지역 주민 연락처를 모아놓은 파일을 알음알음 해당 지역구 예비후보에게... ,https://n.news.naver.com/mnews/article/008/0003623554?sid=110,"Tue, 02 Feb 2016 03:00:00 +0900"
오늘의 주요뉴스,◀ 앵커 ▶ <b>선거철</b>을 앞두고 후보자 홍보 <b>스팸</b>이 난무하고 있습니다. 유권자 정보는 어떻게 알고 보내는 것일까요? 택배나 대리 운전 회사가 모은 개인정보들이 싼 가격에 대량 거래되고 있습니다. 현장 취재했습니다.... ,https://n.news.naver.com/mnews/article/214/0000583795?sid=102,"Sun, 24 Jan 2016 21:00:00 +0900"
[2030 잠금해제] 일회용 선거사이트의 세계 / 이준행,[한겨레] <b>선거철</b>만 되면 몇백만원에 웹사이트와 모바일사이트는 물론 앱까지 뚝딱 만들어주고 홍보 글도 퍼... 한국 정치인들이 바라보는 디지털 세계란 전단지 뿌리고 <b>스팸</b>문자 뿌리듯 온라인 전단지를 뿌릴 공간으로만... ,https://n.news.naver.com/mnews/article/028/0002287387?sid=110,"Sun, 30 Aug 2015 18:45:00 +0900"
[시민기자 칼럼]'홍보 공해' 6·4 지방선거 유감,<b>선거철</b>만 되면 선거운동과 유세 등으로 시끄럽거나 많은 선거 운동원의 홍보활동으로 눈살을 찌뿌리게... 그나마 세월호 사고의 여파로 시끄럽고 요란한 선거운동은 없어 다행이었지만 시도 때도 없이 날라오는 <b>스팸</b>문자... ,http://www.joongdo.co.kr/jsp/article/article_view.jsp?pq=201406120040,"Thu, 12 Jun 2014 21:14:00 +0900"
"(-.-)a &quot;선거 유세 메시지, 내 번호 어떻게 알았을까?&quot;","하루에도 수십 통씩 <b>스팸</b> 문자가 쏟아지는데, <b>선거철</b>인 덕분에 <b>스팸</b> 문자가 늘어났습니다. 그리 유쾌한 경험은 아니죠. 그 후보는 내 번호를 어떻게 알았을까요? 후보자가 유권자의 휴대폰 번호를 얻는 방법과 관련 법령... ",https://n.news.naver.com/mnews/article/293/0000014048?sid=105,"Thu, 29 May 2014 13:57:00 +0900"
'김미영 팀장' 옛말 진화한 <b>스팸</b>문자 백태,[일요시사 = 경제2팀] 박효선 기자 = 최근 <b>스팸</b>문자가 자취를 감췄다는 보도가 쏟아지고 있다. 금융감독원이... &lt;dklo216@ilyosisa.co.kr&gt; &lt;기사 속 기사&gt; <b>선거철</b> '문자 홍보'백태 6ㆍ4지방선거를 앞두고 지지를 호소하는 후보들의... ,http://www.ilyosisa.co.kr/news/articleView.html?idxno=64073,"Tue, 27 May 2014 09:45:00 +0900"
시도 때도 없는 선거 메시지 유권자 괴롭다,이처럼 <b>스팸</b> 수준의 문자로 인해 시민들은 일상생활에 큰 불편을 겪고 있다. 문자보관함을 열어보면... <b>선거철</b>만 되면 슈퍼맨처럼 모든 걸 해결해 주겠다면서 공약을 남발하는 입후보자들 자체가 꼴도 보기 싫은 데... ,http://www.kjdaily.com/read.php3?aid=1401104861320566005,"Mon, 26 May 2014 21:10:00 +0900"
본격적인 <b>선거철</b> '선거<b>스팸</b>' 홍수…시민들 짜증 폭발,&quot;ㅇㅇ지역 후보자 ㅇㅇㅇ입니다. 우리 지역의 변화와 발전을 이끌어내겠습니다. &quot; 6·4 지방선거가 코앞으로 다가오면서 문자메시지를 이용한 선거 운동이 범람하고 있어 시민들의 불쾌감도 덩달아 커지고 있다. 시장... ,http://www.domin.co.kr/news/articleView.html?idxno=1021606,"Wed, 16 Apr 2014 22:10:00 +0900"
<b>선거철</b> 유권자 '왕짜증' 문자…어떻게 보내지나,기자 = <b>선거철</b>만 되면 유권자들은 출마 후보들이 시도 때도 없이 보내는 문자메시지에 시달린다. 보내는 후보... 서울 영등포구에 거주하고 있는 김모 씨(32)는 15일 “<b>스팸</b>문자처럼 보내는 후보는 절대 뽑지 않겠다”며... ,http://www.asiatoday.co.kr/view.php?key=20140415010009136,"Tue, 15 Apr 2014 15:51:00 +0900"
&quot;내 번호 어찌 알았지…&quot; 선거 문자 스트레스,"예비후보들 일거수일투족 홍보 동문회 출신 후보 지지 잇달아 삭제 요구해도 미루며 발뺌 &quot;<b>선거철</b> 아니면 한... 있어 '선거 <b>스팸</b>'을 양산한다는 지적이다. 다만, 대량으로 문자메시지를 보내기 위해 컴퓨터를 활용하는... ",https://n.news.naver.com/mnews/article/082/0000441446?sid=102,"Mon, 14 Apr 2014 11:03:00 +0900"
&quot;무제한 요금제 맞아?&quot;,LG텔레콤 114서비스 상담원이 말한 특정인은 바로 △<b>선거철</b> 정치인 △영업 사원 △교회 신도 등이다. A 씨는... 최근 <b>스팸</b>매일과 스미싱 피해 등이 비일비재하게 일어나자 고객보호를 위한 사전 동의절차를 받도록... ,http://www.cctoday.co.kr/news/articleView.html?idxno=829469,"Thu, 10 Apr 2014 21:01:00 +0900"
"쏟아지는 선거홍보 문자, 내 전화번호 어찌 알았을까",[ 6·4 지방선거를 앞두고 시내 곳곳에 예비후보들의 대형 현수막이 내걸리면서 <b>선거철</b>이 다가왔음을 알린다.... 나에게 요즘 문자메시지란 이미 <b>스팸</b>이나 공해를 넘어선 그야말로 폭탄 수준이다. 최근 카드사와 통신사에서... ,https://n.news.naver.com/mnews/article/047/0002052547?sid=103,"Thu, 03 Apr 2014 20:43:00 +0900"
LGU+ &quot;문자 하루에 500개 넘으면 한달 발신금지&quot;,"다만 고객이 제출하는 증빙서류 등을 통해 회사가 불법 <b>스팸</b>이 아님을 확인할 수 있는 경우에는 500건을 초과해서 전송할 수 있다. LG유플러스는 &quot;<b>선거철</b> 문자발송, 회사 업무용, 경조사 안내 등의 사유가 있을 경우... ",https://n.news.naver.com/mnews/article/031/0000316735?sid=105,"Tue, 25 Mar 2014 17:06:00 +0900"
[데스크 칼럼] 출마만 있는 출판기념회,"온 사방으로 날린 초청장과 문자메시지는 <b>스팸</b>이다. '가야 하나' '봉투에 얼마를 넣어야 하나', 받는 순간... 환절기마다 찾아오는 독감바이러스처럼 <b>선거철</b>마다 '을(乙)'의 호주머니를 턴다. 그러면서도 '을'을 위해 일을... ",https://n.news.naver.com/mnews/article/082/0000433872?sid=110,"Mon, 03 Mar 2014 10:56:00 +0900"
김영기 씨의 13년 '행복문자' 중단 사연,<b>스팸</b>문자의 홍수 속에 문자 대신 여러분의 마음을 담아 더 좋은 일에 행복이 쌓여질 것입니다. 효지도사... <b>선거철</b>만 되면 선출직 문자 홍수로 &quot;출마하느냐?&quot; 오해 사기도 김영기 대전사랑의열매 나눔봉사단 총단장이... ,http://www.dtnews24.com/news/articleView.html?idxno=2014030310035899,"Mon, 03 Mar 2014 10:51:00 +0900"
[여백] 여론조사,최종 주자를 가르는 정당 공천에서도 여론조사는 선용되는 만큼 여론조사기업들은 이래저래 <b>선거철</b>이 '대목... 대표적인 '<b>스팸</b>'이다. 곳간이 넉넉한 일부 후보들은 여론조사를 남발하며 홍보에 악용한다. 그나저나... ,http://www.daejonilbo.com/news/newsitem.asp?pk_no=1106450,"Fri, 28 Feb 2014 07:16:00 +0900"
"기업 믿고 맡긴 개인정보, 기업이 책임져야",빈번히 들어오는 <b>스팸</b> 메시지와 <b>선거철</b>이면 어김없이 후보들에 대한 홍보 문자메시지가 <b>스팸</b> 못지않게 날아온다. 이런 일들은 관례화 된 지 오래라 국민들도 익숙해져 버린 상황이다. 그 자체로 큰 피해를 입을 것이라는... ,http://www.domin.co.kr/news/articleView.html?idxno=1015368,"Tue, 25 Feb 2014 21:32:00 +0900"
"다가오는 <b>선거철</b>, &amp;apos;정치인 <b>스팸</b>&amp;apos; 기승",처음에는 좀 당황스러워서...&quot;} 누군가에게는 귀중한 정보가 될 수 있지만 또 다른 누군가에게는 성가신 <b>스팸</b>문자가 되고 있는 것입니다. &quot;특히 최근 카드사 정보유출 등으로 가뜩이나 개인정보 문제에 민감한 시기다보니... ,http://www.knn.co.kr/news/todaynews_read.asp?ctime=2014022400114&stime=2014022400114&etime=2014022400114&userid=newstar&newsgubun=society,"Mon, 24 Feb 2014 22:01:00 +0900"
[취재현장] 이미 오래 전에 '10원짜리' 된 내 개인정보,<b>선거철</b>이 돌아오면 어김없이 후보들에 대한 홍보 문자메시지가 <b>스팸</b> 못지 않게 날아온다. 선거 브로커들이 유권자들의 명단을 불법으로 사들여 홍보에 이용하는 것이다. 이같은 방식은 이미 관례화된 지 오래라 국민들도... ,http://www.ajunews.com/view/20140218103513955,"Wed, 19 Feb 2014 14:02:00 +0900"
추석 이후의 짜증나는 일들,안부인사가 오히려 <b>스팸</b>광고가 된다. 그래서 어떤 사람은 항의문자를 보낸다. &quot;나는 당신으로부터 이런... <b>선거철</b>이 되면 유권자들은 참 피곤하다. 이른바`선거피곤증`이다. 학벌깨나 있고 경력깨나 쌓고 돈푼이나 있으니... ,http://www.kbmaeil.com/news/articleView.html?idxno=298743,"Tue, 24 Sep 2013 02:08:00 +0900"
선거의 여론조사·출구조사 재고되어야,"모세종 인하대 교수 <b>선거철</b>만 되면 걸려오는 여론조사 전화에 많은 국민들이 귀찮아했다. 가뜩이나 많은 <b>스팸</b>전화에 시달리는 국민들에게는 여론조사 전화도 그와 다를 바 없었다. 하지만, 대선기간동안 국민들은... ",http://www.kyeongin.com/news/articleView.html?idxno=703033,"Tue, 08 Jan 2013 00:00:00 +0900"
"(단독)새누리, 또 불법 유령당원..본인 모르게 당원가입",A씨는 처음에 <b>선거철</b> 흔한 '<b>스팸</b>' 문자로 생각하고 대수롭지 않게 넘겼지만 연일 문자를 받자 의문이 생긴 것이다. ◇새누리당 측이 A씨에게 보낸 문자메세지. A씨는 새누리당은 물론 과거 한나라당 당원에 가입한 적이... ,http://www.newstomato.com/ReadNews.aspx?no=309661,"Fri, 23 Nov 2012 17:28:00 +0900"
"새누리, 개인정보 피해대책 '뒷전'…집단소송 가나",처음에는 <b>선거철</b> 흔한 '<b>스팸</b>' 문자로 생각하고 대수롭지 않게 넘겼지만 당원명부 유출 소식을 전하고 불안감이 커졌다. 그는 &quot;직업 윤리상 당적을 가지면 안 되고 새누리당은 지지하는 정당도 아닌데 당적은 물론... ,https://n.news.naver.com/mnews/article/008/0002862102?sid=100,"Thu, 21 Jun 2012 15:43:00 +0900"
장애인 사금융 피해 조사 후 조치해야,<b>선거철</b>이나 다른 민심이 어지러워지면 평소에 당연히 법을 지키도록 감시하고 불법을 처벌하여야 할 자리에... 하루에도 몇 번씩 돈을 빌리라고 <b>스팸</b>전화가 걸려온다. 그리고 인터넷에 접속을 하기만 하면 무슨 마켓이다... ,http://www.ablenews.co.kr/News/NewsContent.aspx?CategoryCode=0006&NewsCode=000620120419014113360310,"Thu, 26 Apr 2012 14:40:00 +0900"
"4·11총선, 해커들 제철 만났다?",▲ 4.11총선 선거 운동 문자메시지 ■<b>선거철</b> 때아닌 <b>스팸</b>테러? 회사원 하민용(32)씨는 본격적인 <b>선거철</b>이 시작되면서 선거 운동정보 문자메시지에 시달리고 있다. 거의 매일같이 선거 문자메시지가 수신되고 있다.... ,https://n.news.naver.com/mnews/article/092/0001998901?sid=105,"Tue, 10 Apr 2012 13:03:00 +0900"
"4.11 총선 후보자 홈피, 보안 관리하려면...","홈페이지가 <b>스팸</b> 게시글로 도배가 되거나 피싱, 위·변조되는 사건이 종종 발생하고 있다. 특히, 최근 정치... 가운데 <b>선거철</b> 각 후보자들의 홈페이지 보안관리는 후보의 이미지와 연관되어 매우 중요하다. 특히... ",http://www.boannews.com/media/view.asp?idx=30735&kind=1,"Thu, 05 Apr 2012 13:05:00 +0900"
선거 Hot 톡 - 21번째 이야기,그러나 유권자 상당수는 이를 <b>스팸</b>성 문자메시지라고 생각하고 있으며 <b>선거철</b>이 되면 선거관리위원회에 항의성 민원을 제기하곤 합니다. 이런 상황에 따라 선거관리위원회는 문자메시지와 관련된 여러 규제ㆍ규정을... ,http://www.kihoilbo.co.kr/news/articleView.html?idxno=459319,"Thu, 29 Mar 2012 19:56:00 +0900"
후보자 문자메시지 &quot;<b>스팸</b>보다 심해&quot;,금번 총선에 출마하려는 후보자들의 안내문자가 대출받으라는 <b>스팸</b> 문자보다 더 많이 오고 있기 때문이다.... <b>선거철</b>만 되면 무엇이든 다 할 것처럼 굽실거리다가 선거가 끝나면 언제 그랬느냐는 듯이 돌변하는 그런... ,http://www.jemin.com/news/articleView.html?idxno=282998,"Fri, 23 Mar 2012 14:05:00 +0900"
선거운동 문자메시지 '또 하나의 <b>스팸</b>?',유권자들이 <b>스팸</b> 성 문자에 대한 짜증과 개인정보 노출에 대한 불안감을 호소하고 있다. 대전 서구에 사는... 사실”이라며 “<b>선거철</b>이라 이해는 하지만 무작위로 홍보 메시지를 보내는 것은 오히려 유권자들의 마음을... ,https://n.news.naver.com/mnews/article/008/0002773211?sid=102,"Thu, 01 Mar 2012 16:00:00 +0900"
[Opinion] 작전세력 생리를 알려줘 투자자에 유익,"요즘 투자 환경은 인터넷, 증권방송, ARS, <b>스팸</b>문자 등 증권 정보가 제공되는 창구가 차고 넘친다. 이 중에는... <b>선거철</b>을 앞두고 매우 의미 있는 기사였다. [강병국 서울시 강동구] [본 기사는 매경이코노미 제1644호(12.02.15... ",https://n.news.naver.com/mnews/article/024/0000037118?sid=110,"Mon, 20 Feb 2012 11:26:00 +0900"
선거 60여 일…SNS는 전쟁터,"특히 <b>선거철</b>이 다가오면서 문자, 우편물은 물론 웹 상에서 인맥을 형성하는 카카오톡이나 트위터ㆍ페이스북까지 선거<b>스팸</b> 범람으로 유권자들의 불만이 쏟아지고 있다. 5일 경기도 및 시ㆍ군ㆍ구선거관리위원회 등에... ",http://www.kihoilbo.co.kr/news/articleView.html?idxno=452540,"Sun, 05 Feb 2012 17:48:00 +0900"
"카카오톡, <b>선거철 스팸</b> ‘원천봉쇄’","1일 카카오(대표 이제범, 이석우)는 선거와 관련된 카카오톡 홍보 메시지도 지나칠 경우 <b>스팸</b>으로 간주해... 만큼 <b>스팸</b>메시지 자체를 불쾌하게 여기는 경우가 많다. ▲ 카카오톡 대량 <b>스팸</b>메시지 발송 등으로 서비스의... ",https://n.news.naver.com/mnews/article/092/0001994524?sid=105,"Thu, 02 Feb 2012 09:12:00 +0900"
대리운전 등 <b>스팸</b>문자 폭탄…시민들 '짜증',거기다 <b>선거철</b>을 맞아 예비후보들의 선거 홍보 메시지가 들어오면서 하루에 많게는 10여 통의 메시지를 받고 있다&quot;며 &quot;<b>스팸</b>이라 생각하고 정작 필요한 문자를 확인하지 않아 난처한 적도 있다&quot;고 불만을 토로했다.... ,https://n.news.naver.com/mnews/article/003/0003226625?sid=102,"Fri, 07 May 2010 08:51:00 +0900"
2010년에는 정보보안 법체계를 확립하자,"이미 몇 년 전부터 동문회 명부에 이름을 올리는 것을 꺼리는 사례가 늘고 있다, <b>선거철</b> 마다 후보들로부터 오는 메일이나 <b>스팸</b>성 문자 메시지 등에 시달린 경험이 있기 때문이다. 올해에는 지방선거 이전에 이러한... ",http://www.itdaily.kr/news/articleView.html?idxno=21618,"Wed, 06 Jan 2010 16:51:00 +0900"
성도 개인정보가 줄줄 새고 있다… 주소·전화번호 등 기재 교회요람 관...,전북 군산시 K교회 서모 목사는 “<b>선거철</b>만 되면 요람을 입수한 후보자가 교인들에게 집중적으로 홍보물과... 순간 <b>스팸</b>으로 변질되기 때문에 개인정보 유출 문제가 반드시 발생한다”고 지적했다. 문제는 요람을 악용하는... ,https://n.news.naver.com/mnews/article/005/0000323481?sid=103,"Wed, 23 Jul 2008 18:01:00 +0900"
전문가들 “방통위와 각 세우고 싶지 않다”,LG텔레콤 대표 비서팀의 경우는 전화로 이메일 발송을 허가받았음에도 <b>스팸</b>차단을 위한 인증 확인을... 김덕규 국회 방통특위 위원장 등 정치권 인사 3인은 <b>선거철</b>에 맞물려 확인전화 연결에 실패했다는 것을 고백한다.... ,http://www.mediaus.co.kr/news/articleView.html?idxno=2474,"Tue, 22 Apr 2008 17:25:00 +0900"
[기자의 눈] '오락가락'하는 통신요금 정책,“<b>스팸</b>전화를 받아도 요금을 내야 하나요?” “업무상 휴대폰으로 전화를 거는 경우가 많은 상인들은... 매번 <b>선거철</b>만 되면 단골메뉴로 등장한다. 정치인들에게는 지지율을 높이는 데 더할 나위 없이 매력적인 이슈일... ,https://n.news.naver.com/mnews/article/011/0000216147?sid=110,"Fri, 18 Jan 2008 17:27:00 +0900"
[대선 와인토크] 이기훈 &quot;이인제는 작은 거인&quot;,얼마 전 모르는 번호로 하트무늬 문자가 와 <b>스팸</b>인줄 알았는데 알고보니 새로 장만한 첫째 딸의 핸드폰... <b>선거철</b>이 되서 유세 나가보면 저 붙잡고 한시간 훈계하는 사람들도 있고. 이건 좀 나은 거에요. 무조건적으로... ,https://n.news.naver.com/mnews/article/079/0000207853?sid=100,"Mon, 10 Dec 2007 10:02:00 +0900"
[춘하추동] <b>스팸</b>전화와 ARS여론조사,"지방<b>선거철</b>에 접어든 요즘 ARS여론조사가 <b>스팸</b>전화처럼 또 하나의 공해로 등장하고 있다. ARS는 샘플링한 전화가입자에게 자동적으로 전화를 걸어 녹음된 질문에 따라 번호를 누르게하는, 전화가입자의 의사와 관계없이... ",https://n.news.naver.com/mnews/article/084/0000044649?sid=102,"Fri, 07 Apr 2006 04:03:00 +0900"
선거 덕보는 업종도 변화,<b>선거철</b>만 되면 홍보물을 만들기 위해 북적거렸 던 서울 충무로의 인쇄골목은 '총선경기'가 실종된 지 이미... <b>스팸</b>메일 금지 등 정부의 규제로 생각한 만큼 특수를 누리지 못했다는 불만도 많지만 정보통신 분야가 새로운... ,https://n.news.naver.com/mnews/article/009/0000359568?sid=101,"Tue, 13 Apr 2004 16:35:00 +0900"
4ㆍ15총선‥콘텐츠시장 `지고` 폰파라치 `뜨고`,특성과 <b>스팸</b> 처벌이 강화되는 분위기와 맞물려 정치인들이 선뜻 SMS를 보내지 못하는 것 같다&quot;고 말했다.... 이외에도 정치인 캐릭터ㆍSMSㆍ벨소리ㆍ통화연결음 등 <b>선거철</b>이면 반짝하던 특수가 이전만 못하다. 강화된... ,https://n.news.naver.com/mnews/article/029/0000060714?sid=105,"Fri, 12 Mar 2004 11:56:00 +0900"
선거법·정당법 등 국회 통과,"등, <b>선거철</b>에 즈음해 어김없이 볼 수 있었던 이 같은 모습이 4·15 총선 선거운동이 본격화되는 내달부터는... 무료로 <b>스팸</b>메일이 100% 차단되는 e메일 계정(ABC@minjoo.or.kr)을 보급한다. 이와 함께 이미 시행중인 인터넷... ",https://n.news.naver.com/mnews/article/030/0000063463?sid=100,"Fri, 12 Mar 2004 07:40:00 +0900"
[한경제 리포트] '사이버 테러' 적극 대응해야,정치인의 경우도 <b>선거철</b>만 되면 한차례씩 홍역을 치른다. 지난 6월의 서울시장 선거가 대표적인 경우다.... 게시판은 인신공격성 폭언이나 뜬금없는 말들로 가득찼고 <b>스팸</b>메일도 쏟아졌다. 홈페이지를 통해 네티즌들의... ,https://n.news.naver.com/mnews/article/015/0000553831?sid=101,"Tue, 01 Oct 2002 17:19:00 +0900"
&lt;전국 주요신문 톱뉴스&gt;(5월24일자 조간),"국민은행등 48社 <b>스팸</b>메일 몰래보내다 적발▲파이낸셜뉴스(서울) = &quot;삼성 현대차 LG SK 글로벌경쟁력 갖췄다... 자, 지방선거 `충남 대회전'▲충청매일(대전) = <b>선거철</b> 선심성 사업 봇물▲경상일보(울산) = 시장후보 공략... ",https://n.news.naver.com/mnews/article/001/0000173145?sid=100,"Fri, 24 May 2002 08:27:00 +0900"
"e-메일, 부정선거운동 단속 `사각지대'",<b>선거철</b>이 다가오면서 e-메일이 부정 선거운동의 `요긴한' 수단으로 악용돼 선거분위기를 흐릴 우려가... 최근 e-메일 전송기술이 <b>스팸</b>메일 탓에 비약적으로 발전돼 송신자의 추적이 사실상 불가능해져 상대 후보를... ,https://n.news.naver.com/mnews/article/001/0000172340?sid=100,"Thu, 23 May 2002 06:20:00 +0900"
