PRDLST_NM,BSSH_NM,PRDT_SHAP_CD_NM
All in one softgel,(주)서흥,캡슐
BYHEALTH Glucosamine Liquid(전량수출용),코스맥스엔비티(주),액상
CALCIUM CITRATE D3&K2 구연산칼슘 D3&K2(전량수출용),주식회사 노바렉스,정
D-Cal Peachy Sachets Liquid Calcium 3,코스맥스엔비티(주),액상
Daily Children's Multivitamin & Minerals (전량수출용),우리바이오(주),분말
K2칼마디,엔피케이(주),정
K2칼마디,(주)한국씨엔에스팜,정
PGA 칼마디 K2,(주)비오팜,정
Supergreens Pineapple Mint(전량수출용),코스맥스엔비티(주),분말
Supergreens Pineapple(전량수출용),코스맥스엔비티(주),분말
Swisse Triple Care Essence for Joint Bone Muscle(전량수출용),코스맥스엔비티(주),액상
The K2칼마디채움,엔피케이(주),정
UndoAge VITAMIN D3+K2 WITH CALCIUM (전량수출용),코스맥스엔비티(주),정
YDY 코랄칼마디 K2,광동헬스바이오(주) 2공장,정
고함량액상칼슘 D-Cal Golden Sachets Liquid Calcium Plus 2.0(전량수출용),코스맥스엔비티(주),액상
골든칼슘,풀무원건강생활(주),분말
관절연골엔 식물성 MSM 어골칼슘 DK,주식회사 노바렉스,정
관절연골엔 식물성 MSM 파워포뮬라,주식회사 노바렉스,정
그로우키즈 칼마디K2,광동헬스바이오(주) 2공장,정
그린칼슘플러스,(주)네이처텍,정
김정문 칼슘 딥밸런스 K,(주)한풍네이처팜,정
나프라우드 칼마디 K2 머치,(주)한국씨엔에스팜,정
나프라우드 칼마디K2 머치,(주)유유헬스케어,정
닥터비타민 DK2,주식회사 노바렉스,정
닥터프로그램 키성장 올인원 젤리,(주)서흥헬스케어,젤리
닥터피엔티 뼈건강,주식회사 노바렉스,정
더나은 칼슘마그네슘비타민D&K,엠에스바이오텍(주),정
더칼슘디K2키즈젤리,코스맥스바이오(주),젤리
더케이투씨엠,코스맥스엔비티(주),정
더케이투씨엠본,코스맥스엔비티(주),정
더파르마 본케어 + MK7,코스맥스엔비티(주),정
데이타민 칼마디K2 미네랄,(주)한풍네이처팜,정
데일리베이스 칼슘·마그네슘·비타민D+K2,주식회사 노바렉스,정
덴티모어 임플타민,엔피케이(주),정
덴티플라 구강케어 정,주식회사 노바렉스,정
디카디카칼디케이,광동헬스바이오(주) 2공장,정
라이프팩,(주)서흥,정
라이프팩 엘리먼츠,(주)서흥,정
라일로 데일리 에센셜 원,주식회사 노바렉스,분말
리얼그램 칼슘 마그네슘 비타민K2 & D3,(주)한국씨엔에스팜,정
리얼업 뼈건강엔 칼마디 K2플러스 칼슘 마그네슘 아연 비타민D 비타민K2 망간,엠에스바이오텍(주),정
마이핏 ORIGIN 칼슘 마그네슘 DK,콜마비앤에이치(주)세종3공장,정
마이핏 ORIGIN 칼슘 마그네슘 DK,콜마비앤에이치(주)음성공장,정
맘스포뮬러 칼마디,광동헬스바이오(주) 2공장,정
맥스 멀티비타민&미네랄,주식회사 노바렉스,정
멀티비타민 for 실버 Pro,(주)한풍네이처팜,정
메디타민 칼마디아K2 미니정,주식회사 노바렉스,정
메타 부스트 제니스,주식회사 노바렉스,분말
무바 칼마디 K2,주식회사한미양행,정
뮴 튼튼 칼마디K2 젤리+,코스맥스바이오(주),젤리
바로셀 코랄칼마디 K2,광동헬스바이오(주) 2공장,정
밸러니티 올인원 31 멀티솔루션 멀티팩 포 맨,코스맥스바이오(주),캡슐
본(BONE)케어 칼마디K2,콜마비앤에이치(주)세종3공장,정
본(BONE)케어 칼마디K2,콜마비앤에이치(주)음성공장,정
본본스 Bon Bones,(주)세모,분말
비건 칼마디 K2 칼슘 마그네슘 비타민D 비타민K2 망간,엔피케이(주),정
뼈가튼튼 칼슘젤리,(주)알피바이오,젤리
뼈건강 & 유산균,(주)비오팜,분말
뼈건강 K2 칼마디,콜마비앤에이치(주)음성공장,정
뼈건강 K2 칼마디,콜마비앤에이치(주)세종3공장,정
뼈건강 칼마디K2,(주)한국씨엔에스팜,정
뼈건강 칼마디K2 플러스,대원헬스케어 주식회사 2공장,정
뼈뼈뼈,엠에스바이오텍(주),정
뼈뼈뼈,(주)씨티씨바이오,정
뼈케어,노비스바이오(주),정
삼성 칼마디 K2,(주)바이오 로제트,정
센트룸 타마플렉스 올인원 관절·연골·근육,콜마비앤에이치(주)세종3공장,정
센트룸 타마플렉스 올인원 관절·연골·근육,콜마비앤에이치(주)음성공장,정
셀로맥스 코랄칼슘 키즈츄어블,(주)네이처텍,정
스노우 칼마디K2,콜마비앤에이치(주)세종3공장,분말
스몰윈도우 멀티플칼슘,(주)서흥,분말
스위치온칼마디K2,(주)유유헬스케어,정
아이마음 케이2 칼마디 젤리 플러스,코스맥스바이오(주),젤리
아이마음 키키 kiki 케이2 칼마디 미네랄,코스맥스바이오(주),젤리
안심 칼슘마그네슘디K₂,(주)웰레스트,정
알이에프 뼈엔진주칼슘비타민K2,주식회사 해나눔 청운지점,정
얌그루 뼈튼튼 칼슘K2 구미,(주)서흥 오송2공장,젤리
어골칼슘 & 마그네슘 K2 플러스,주식회사 노바렉스,정
어골칼슘 DK2 프리미엄,주식회사 노바렉스,정
어바인랩 칼마디K2,코스맥스바이오(주),정
어썸 CMK 젤리스틱,(주)알피바이오,젤리
어퍼바이탈,(주)서흥헬스케어,젤리
에이엠 스윝칼슘,(주)뉴팜,정
에이엠 스윝칼슘 칼디케이 영양제,(주)뉴팜,정
에이치마인드 마칼디K 부스트,(주)한미양행 선유공장,분말
엑티브 칼맥 더블 액션,우리바이오(주),정
여에스더 칼마그 D3 K2 프리미엄,주식회사 노바렉스,정
영롱 세이프 칼마디K2 X,주식회사 내츄럴엔,분말
영롱 세이프 칼마디k2 X,(주)케이지앤에프,분말
오늘의 건강 초임계 MK-7 비타민K2+D3 칼마디 퍼펙트케어,(주)허브큐어,정
오로지 칼마디아K,(주)코지맘바이오,정
오션스 케이2 칼마디 미네랄,코스맥스바이오(주),정
오션스 케이2 칼마디 플러스,코스맥스바이오(주),정
오직 뼈건강,대원헬스케어 주식회사 2공장,정
올인원 데일리 멀티팩,광동헬스바이오(주) 2공장,캡슐
올인원 멀티비타민미네랄 맥스,(주)웰레스트,정
올인원 멀티비타민미네랄 맥스,광동헬스바이오(주) 2공장,정
우리아이 성장엔 파파 칼마디케이투 부스터,콜마비앤에이치(주)세종3공장,분말
우리칼슘젤리,(주)서흥헬스케어,젤리
우아클 오름 키즈 칼마디K2,엠에스바이오텍(주),젤리
웰러스 바른 칼슘마그네슘디,(주)팜투팜2공장,정
웰씨드 마디칼슘K2,광동헬스바이오(주) 2공장,분말
유한 마그디 칼슘 K2,코스맥스엔비티(주),정
유한m 칼슘 마그네슘 비타민 D 비타민 K2,(주)아오스,정
응 뼈건강엔 칼마디K2야,주식회사 상상바이오,정
인칼슘 앱솔브+,(주)한국씨엔에스팜,정
지엠팜 칼마디K2,(주)세움바이오텍,정
츄어블 칼슘 마그네슘 비타민D3 K2,코스맥스엔비티(주),정
칼마디 & 초임계 비타민K2,주식회사 노바렉스,정
칼마디 K2 프로,주식회사 노바렉스,분말
칼마디&K2 코랄칼슘,주식회사 노바렉스,정
칼마디K2,주식회사 노바렉스,정
칼마디앤K2,코스맥스바이오(주),정
칼본엔오플러스,동서바이오팜(주) 안성공장,캡슐
칼슘 마그네슘 아연 비타민D K2,(주)파마피아,정
칼슘마그네슘디,콜마비앤에이치(주)세종3공장,정
칼슘마그네슘비타민DK2,(주)유유헬스케어,정
칼슘챔피언 플러스,코스맥스바이오(주),젤리
케이본스트롱,(주)바이오 로제트,정
케이투미네랄부스터,광동헬스바이오(주) 2공장,캡슐
케이하이 K2 HI,코스맥스바이오(주),젤리
키즈텐칼슘업,코스맥스바이오(주),젤리
키즈텐칼슘업 열대과일맛,코스맥스바이오(주),젤리
키즈텐칼슘업사과맛,코스맥스바이오(주),젤리
키크업,(주)서흥헬스케어,젤리
타블렛본케어,노비스바이오(주),정
투퍼데이 칼마디K2 Plus,광동헬스바이오(주) 2공장,정
트러스펙트 칼슘 마그네슘 아연 비타민D K2,(주)파마피아,정
튼튼키즈 칼마디 플러스K2,주)팜크로스,분말
파워칼마디K2,주식회사 노바렉스,정
퓨어젠 케이투 키즈 미네랄,콜마비앤에이치(주)세종3공장,분말
프리미엄 멀티비타민 이뮨샷,주식회사 네추럴웨이 포천 제2공장,기타
프리미엄 뼈엔 칼슘 마그네슘 비타민D K2 아연,(주)코지맘바이오,정
프리미엄 트리플 칼마디 K2,(주)씨이에스팜,정
피치힐 쿨멜팅 CMDK,콜마비앤에이치(주)세종3공장,분말
한포유 칼마디 D3 + K2,주식회사 노바렉스,정
허발란스 칼슘 HerBalance Calcium,코스맥스엔비티(주),정
