num,product,brand
1,하나미 비컴 궁,하나미
2,하나미 비컴 강,하나미
3,하나미 콜라겐 앰플,하나미
4,하나미 콜라겐 젤리,하나미
5,하나미 플라셀 알부민 샷,하나미
6,하나미 리포좀 글루타치온 C,하나미
7,하나미 플라셀 스킨 레티놀 A,하나미
8,하나미 플라셀 펩타이드 앰플,하나미
9,하나미 백수오 로얄 앰플,하나미
10,식물성 멜라토닌 파이토레스트,베이직·밸런스
11,슈퍼 오메가3 DHA 플러스 ,베이직·밸런스
12,근력솔루션 FSO,베이직·밸런스
13,와일드 프로폴리스 이뮨 구미,베이직·밸런스
14,간기보,베이직·밸런스
15,아이솔루션 루테인지아잔틴,베이직·밸런스
16,관절솔루션 보스웰리아7,베이직·밸런스
17,혈당솔루션 글루코레스,베이직·밸런스
18,슈퍼 프로 밸런스락,베이직·밸런스
19,슈퍼 칼슘 마그네슘 & 비타민D,베이직·밸런스
20,슈퍼 데일리 에센셜팩,베이직·밸런스
21,슈퍼 비타민C & 이뮨,베이직·밸런스
22,진효삼 본 데일리,진효삼
23,진효삼 진,진효삼
24,진효삼 화 골드,진효삼
25,진효삼 대보,진효삼
26,녹용원 발효진액,진효삼
27,키텐셜 그로우업 스틱,키즈ㆍ청소년
28,키텐셜 쑥쑥아이 칼슘젤리,키즈ㆍ청소년
29,튼튼 아이 멀티 젤리,키즈ㆍ청소년
30,태자삼,키즈ㆍ청소년
31,태자록,키즈ㆍ청소년
32,글램핏 수국 리세린지 다이어트,다이어트
33,글램핏 혈당컷 비움젤리 푸룬맛,다이어트
34,글램핏 이소비텍신 다이어트 워터믹스,다이어트
35,글램핏 스키니업 아메리카노,다이어트
