PRDLST_NM,PRDT_SHAP_CD_NM
홍삼정스틱,액상
헬씨칸,캡슐
홍삼정마일드,액상
"프로폴리스 플러스",액상
홍삼스틱,액상
"아이클리어 루테인",캡슐
"프로메가 알티지 오메가3 트리플",캡슐
"천관보 프리미엄",액상
"프로폴리스 플러스",캡슐
"아이클리어 루테인아스타잔틴",캡슐
"편안한 밤 하늘이 다이어트",정
리얼퀸,정
"천관보 정",정
홍삼정스틱,액상
"눈건강엔 루테인지아잔틴",캡슐
홍삼정스틱,액상
홍삼정마일드,액상
오메가3골드업,캡슐
헬씨칸,캡슐
"천관보 정",정
홍삼정스틱,액상
"아이클리어 루테인아스타잔틴",캡슐
"프로메가 오메가3 트리플",캡슐
헬씨칸,정
홍삼정스틱,액상
오메가3골드업,캡슐
홍삼스틱,액상
"프로메가 알티지 오메가3 트리플",캡슐
홍삼스틱,액상
"프로폴리스 플러스",캡슐
"락토핏 코어맥스",분말
"락토핏 골드",분말
"락토핏 코어",분말
"락토핏 식물성",분말
"프로메가 오메가3",캡슐
"프로폴리스 플러스",캡슐
"락토핏 플러스 듀얼바이오틱스",분말
"프로메가 오메가3",캡슐
"프로메가 오메가3 트리플",캡슐
헬씨칸,캡슐
"락토핏 인지력",분말
"아이클리어 루테인지아잔틴",캡슐
"아이클리어 루테인",캡슐
"종근당건강 홍삼진원보",액상
"락토핏 인지력케어",분말
홍삼스틱,액상
"프로메가 뉴티지 오메가3",캡슐
"브레인 포스파티딜세린 징코",캡슐
"관절연골엔 난각막NEM",캡슐
"아이클리어 루테인아스타잔틴",캡슐
"눈건강 간건강 면역건강 활력",캡슐
홍삼스틱,액상
"브레인 포스파티딜세린 징코",캡슐
