제품명,가격
에브리타임 필름,46000
홍삼정마일드센스,81500
궁정비차 진생영지로얄(3g*60포),47000
홍삼정리미티드 Giftset,365000
화애락 후 활력포커스,220000
화애락 진 토탈솔루션,180000
홍삼정화스틱,
홍삼정화액,
홍삼정스페셜에디션 with 미송 울림잔,249000
홍삼정스페셜에디션 with 월백 울림잔,249000
에브리타임 HealthWish 에디션,270600
황진단,660000
GLPro 혈당밸런스,140000
궁정비차 진생온율로얄(3g*40포),51000
궁정비차 진생기율로얄(3g*40포),51000
궁정비차 진생온율(3g*40포),44000
궁정비차 진생기율(3g*40포),44000
궁정비차 진생영지(3g*60포),39000
홍삼톤샷,91000
화애락 큐 토탈솔루션,78000
홍삼정 더 클래스,153000
에브리타임샷스트롱,97000
정관장 농축액 전용 스테인리스 스푼,3000
정관장 상비환,62000
기다림 침향평심환 SABAH,980000
기다림 평정세트,220000
홍삼원소프트,22500
홍삼캡슐플러스,159000
데워먹는홍삼원,27000
홍삼원 딜라이트,29900
홍삼정明(명) Giftset,93000
홍삼타브렛플러스,175000
홍삼환플러스,59000
에브리타임 레귤러,69000
"GLPro-더블컷(25mL*21병+800mg*42정,이중제형)",140000
GLPro-코어,110000
장수:율 장수진액,210000
홍삼정 감사세트,313000
홍삼진고(10g*30포),80000
화애락 큐 프로,149000
홍삼정베이직 Giftset,98000
활기력 부스터 3X,125000
활기력 맥스,39900
아미노 활기력샷,3500
에너지 활기력샷,3500
에브리타임 샷,142000
에브리타임 필름 컴피,105000
에브리타임 필름 맥스,85000
에브리타임 아웃도어,59000
에브리타임 샷 코어,135000
에브리타임 세븐베리 플레이버,69000
에브리타임 한라봉 플레이버,72000
에브리타임 배 플레이버,72000
홍삼정소프트,98000
홍삼정소프트타브렛,64000
에브리타임로얄 K-Signature 에디션,166000
에브리타임 필름 프레쉬,75000
기다림 침향환,270000
홍삼톤청,110000
홍삼톤골드 에코패키지,179000
에브리타임 소프트,80500
홍삼톤류,99000
홍삼정농축분말,126500
장수:율(匠水:律) 혈(血),250000
장수:율(匠水:律) 근(筋),250000
화애락 터닝미 스틱로얄,
홍삼건데일리스틱,54000
더블 수면&스트레스케어,50000
맥스 비타민D 4000IU,25000
맥스 비타민C 2000mg,35000
홍삼담은 천마앰플,65000
다보록 감사 가(佳)편 로얄,78000
다보록 려원,45000
다보록 수연,44000
활기력로얄,35000
에브리타임 필름,35000
장수:율(匠水:律) 지(知),250000
영지차가 버섯 달임액,150000
상황버섯 달임액,220000
프리미엄 비타민D,19000
프리미엄 칼슘마그네슘망간D,34000
프리미엄 멀티비타민미네랄,39000
프리미엄 비타민C,29000
더블케어 알티지오메가3,42000
천녹 우먼,290000
천녹 시니어,310000
황진단천 노블라인,1600000
활기력 부스터,65000
활기력 JOY,39000
활기력 에너지박스,42500
홍삼톤 오리진,220000
홍삼정천,2100000
활기력,82000
홍삼진고(250g*2병),132000
홍삼진고(250g*1병),70000
"활기력(마트,온라인전용)",46000
황진단천,1200000
다보록 진심편믿음,178500
피부건강엔 알로에 젤리스틱로얄,40000
홍삼담은 베스트컬렉션,38000
에브리타임 리미티드,139000
홍삼보력 세트,81400
천삼10지,8200000
천삼15지,5400000
천삼20지,4000000
천삼30지,2900000
지삼10지,2200000
지삼20지,1640000
지삼30지,1100000
지삼40지,310000
양삼10지,940000
양삼15지,580000
양삼20지,530000
양삼30지,470000
양삼40지,195000
절삼,405000
홍삼달임액 천삼,870000
홍삼달임액 지삼,325000
홍삼달임액 양삼,225000
홍삼달임액,160000
홍삼달임액 지삼30지,528000
홍삼달임액 양삼15지,268000
홍삼달임액 양삼20지,230000
홍삼달임액 양삼30지,420000
홍삼달임액 절삼,380000
봉밀절편홍삼,133000
봉밀절편홍삼 로얄,107000
홍삼정 마스터클래스,650000
홍삼정리미티드,123000
홍삼정,220000
홍삼정Dualset,185000
홍삼정 로얄,269000
홍삼정로얄Giftset,358000
홍삼정로얄Dualset,202000
홍삼정밸런스,144500
홍삼정賢(현),38500
홍삼정캡슐로얄,173000
홍삼정캡슐賢(현),24500
에브리타임,107000
에브리타임 로얄,84500
에브리타임 롱기스트,46100
홍삼톤 리미티드,247000
홍삼톤골드,179000
홍삼톤,156000
홍삼톤골드 로얄,
홍삼톤로얄,
홍삼진황,155000
홍삼진본,107000
홍삼진현,43000
홍삼천보,62000
홍삼보운,
홍삼천국,
정관장 홍삼활력플러스,
홍삼진건,
홍삼원D,1100
홍삼원 세트,86500
홍삼원력 세트,70000
홍삼원기,69900
활삼골드 세트,59400
간건강,39000
장건강,39000
관절건강,35000
눈건강,38000
혈행건강,25000
수면건강,35900
뉴트리팩,77000
홍백작,206000
황진단(면세전용),
황진단,660000
활기단,91000
활기단 로얄,
홍삼진고(100g*1병),27000
홍삼진고 데일리스틱,54000
홍삼 진비고,54000
황간천,
레네세 홍삼캔디 후(喉),14500
홍삼비타,930
헛개홍삼수,1550
홍삼수,1550
다보록 감사 가(佳)편,61000
다보록 기원편수복,75000
다보록 진심편정성,123000
다보록 감사 청(淸)편,56000
다보록 여유 요(窈)편,55000
다보록 여유 랑(朗)편,128000
다보록 여유 만(滿)편,219000
다보록 감사 정(貞)편,246000
다보록 감사 온(溫)편,96000
다보록 진심편행복,112000
다보록 감사 휘(輝)편,56000
땅의기운담은 수세미배도라지,40000
홍삼담은 블루베리,61000
홍삼담은 석류,55000
홍삼담은 헛개,61000
홍삼담은 흑마늘,59000
홍삼담은 아로니아,67000
홍삼담은 석류스틱,48000
홍삼담은 석류스틱로얄,
천녹톤,530000
