num,product
1,6년근홍삼정
2,관절연골엔 난각막NEM
3,관절연골엔 난각막NEM 프리미엄
4,눈건강 간건강 면역건강 활력
5,눈건강엔 루테인지아잔틴
6,닥터케어 당코치제로
7,닥터케어 영양코치미니
8,닥터케어 캔서코치
9,락토조이 구미젤리  믹스
10,락토조이 구미젤리 복숭아맛
11,락토핏 50대
12,락토핏 골드
13,락토핏 골드 17포
14,락토핏 골드 선물세트
15,락토핏 골드80포
16,락토핏 생유산균 팜(약국전용)
17,락토핏 솔루션 1 둔감한장
18,락토핏 솔루션 2 예민한 장
19,락토핏 식물성
20,락토핏 인지력
21,락토핏 인지력케어
22,락토핏 코어
23,락토핏 코어 선물세트
24,락토핏 코어맥스
25,락토핏 플러스 듀얼바이오틱스
26,목편한 도라지배즙
27,발효홍삼력진
28,본밸런스
29,브레인 포스파티딜세린 징코
30,스템벨 셀 아이크림 더블 리페어
31,스템벨 셀 앰플 리제너레이터  RX
32,스템벨 셀 에센스 리제너레이터 RX
33,스템벨 셀 크림 리제너레이터 RX
34,식후 한 포 여주환
35,아이클리어 루테인
36,아이클리어 루테인아스타잔틴
37,아이클리어 루테인지아잔틴
38,오메가3골드업
39,종근당건강 칼슘마그네슘
40,종근당건강 홍삼진원보
41,천관보 정
42,천관보 프리미엄
43,프로메가  알티지 오메가3 듀얼
44,프로메가  알티지 오메가3 듀얼 선물세트
45,프로메가 뉴티지 오메가3
46,프로메가 뉴티지 오메가3 듀얼
47,프로메가 알티지 오메가3 DS
48,프로메가 알티지 오메가3 듀얼플러스
49,프로메가 알티지 오메가3 트리플
50,프로메가 알티지오메가3 듀얼 비타민D
51,프로메가 오메가3
52,프로메가 오메가3 트리플
53,프로폴리스 플러스
54,헬씨칸
55,헬씨칸 선물세트
56,헬씨칸로얄
57,홍삼녹용프리미엄
58,홍삼녹용환
59,홍삼더부스터샷
60,홍삼스틱
61,홍삼이뮨스틱
62,홍삼정마일드
63,홍삼정스틱
64,활력녹용단
65,활력녹용보
